URI,Site_Name,Address,Observation_Year,Comment,Wiki_UA_Link,News_Link,Latitude,Longitude
https://linked4resilience.eu/data/cultural-sites/00153,St. Nicholas Church  - Borivs'ke,"Borivske, Luhansk region, 93493",,not sure about the damages,,https://telegazeta.com.ua/content/yak-ros-yani-vbivayut-kulturnu-spadshhinu-luganshhini-chastina-persh,48.8617148106,38.5551270403
https://linked4resilience.eu/data/cultural-sites/00117,Library branch n°1 – Chasiv Yar,"г. Часов Яр, ул. Целинников, 2, Vulytsya Horʹkoho, Chasiv Yar, Donetsk Oblast, Ukraine, 84551",2023,Completely destroyed city/village,,,48.5862216831,37.8340868337
https://linked4resilience.eu/data/cultural-sites/00204,House of Culture – Vysokopillya,"Vyzvolyteliv St, 55, Vysokopillya, Kherson Oblast, Ukraine, 74000",2022,,,https://suspilne.media/kherson/308338-visokopilla-selise-na-hersonsini-z-davnou-istorieu-znisene-na-80-rosijskimi-vijskovimi/,47.4980916723,33.5286642275
https://linked4resilience.eu/data/cultural-sites/00005,St. Catherine Church of Chernihiv,"Pidval'na St, 5, Chernihiv, Chernihiv Oblast, Ukraine, 14000",2022-03,Is it St. Catherine Church or Catherine Church?,https://uk.wikipedia.org/wiki/%D0%9A%D0%B0%D1%82%D0%B5%D1%80%D0%B8%D0%BD%D0%B8%D0%BD%D1%81%D1%8C%D0%BA%D0%B0_%D1%86%D0%B5%D1%80%D0%BA%D0%B2%D0%B0_(%D0%A7%D0%B5%D1%80%D0%BD%D1%96%D0%B3%D1%96%D0%B2),,51.487314051,31.3055123278
https://linked4resilience.eu/data/cultural-sites/00113,"Building of the city center for Culture and Leisure (built in 1902, reconstructed in 1924) – Bakhmut","Svobody St, 1, Bakhmut, Donetsk Oblast, 84500",2022-09-08,,https://uk.wikipedia.org/wiki/%D0%9C%D1%96%D1%81%D1%8C%D0%BA%D0%B8%D0%B9_%D1%86%D0%B5%D0%BD%D1%82%D1%80_%D0%BA%D1%83%D0%BB%D1%8C%D1%82%D1%83%D1%80%D0%B8_%D1%82%D0%B0_%D0%B4%D0%BE%D0%B7%D0%B2%D1%96%D0%BB%D0%BB%D1%8F_(%D0%91%D0%B0%D1%85%D0%BC%D1%83%D1%82),,48.5891970203,38.0026992024
https://linked4resilience.eu/data/cultural-sites/00174,Mykolaiv Culture Center of folk art and art education (Architectural monument of local importance) – Mykolaiv,"Admiralska Street, 41, Mykolaiv, Mykolaiv region, Ukraine, 54000",2023-07-20,,https://uk.wikipedia.org/wiki/%D0%9C%D0%B8%D0%BA%D0%BE%D0%BB%D0%B0%D1%97%D0%B2%D1%81%D1%8C%D0%BA%D0%B8%D0%B9_%D0%BE%D0%B1%D0%BB%D0%B0%D1%81%D0%BD%D0%B8%D0%B9_%D1%86%D0%B5%D0%BD%D1%82%D1%80_%D0%BD%D0%B0%D1%80%D0%BE%D0%B4%D0%BD%D0%BE%D1%97_%D1%82%D0%B2%D0%BE%D1%80%D1%87%D0%BE%D1%81%D1%82%D1%96_%D1%82%D0%B0_%D0%BA%D1%83%D0%BB%D1%8C%D1%82%D1%83%D1%80%D0%BD%D0%BE-%D0%BE%D1%81%D0%B2%D1%96%D1%82%D0%BD%D1%8C%D0%BE%D1%97_%D1%80%D0%BE%D0%B1%D0%BE%D1%82%D0%B8,https://pragmatika.media/en/news/mykolaivskyi-oblasnyi-tsentr-narodnoi-tvorchosti-ta-kulturno-osvitnoi-roboty-vtrachena-pam-iatka/,46.972217,32.0027916
https://linked4resilience.eu/data/cultural-sites/00178,Odesa Fine Arts Museum,"Sofiivs'ka St, 5А, Odesa, Odesa Oblast, Ukraine, 65000",2023,,https://uk.wikipedia.org/wiki/%D0%9E%D0%B4%D0%B5%D1%81%D1%8C%D0%BA%D0%B8%D0%B9_%D0%BD%D0%B0%D1%86%D1%96%D0%BE%D0%BD%D0%B0%D0%BB%D1%8C%D0%BD%D0%B8%D0%B9_%D1%85%D1%83%D0%B4%D0%BE%D0%B6%D0%BD%D1%96%D0%B9_%D0%BC%D1%83%D0%B7%D0%B5%D0%B9,,46.4945640486,30.7281524788
https://linked4resilience.eu/data/cultural-sites/00006,Chernihiv Regional Universal Scientific Library. V.G. Korolenko,"Myru Ave, 41, Chernihiv, Chernihiv Oblast, Ukraine, 14000",2022-03-30,,https://uk.wikipedia.org/wiki/%D0%A7%D0%B5%D1%80%D0%BD%D1%96%D0%B3%D1%96%D0%B2%D1%81%D1%8C%D0%BA%D0%B0_%D0%BE%D0%B1%D0%BB%D0%B0%D1%81%D0%BD%D0%B0_%D1%83%D0%BD%D1%96%D0%B2%D0%B5%D1%80%D1%81%D0%B0%D0%BB%D1%8C%D0%BD%D0%B0_%D0%BD%D0%B0%D1%83%D0%BA%D0%BE%D0%B2%D0%B0_%D0%B1%D1%96%D0%B1%D0%BB%D1%96%D0%BE%D1%82%D0%B5%D0%BA%D0%B0_%D1%96%D0%BC%D0%B5%D0%BD%D1%96_%D0%92._%D0%93._%D0%9A%D0%BE%D1%80%D0%BE%D0%BB%D0%B5%D0%BD%D0%BA%D0%B0,,51.4967301207,31.2919389271
https://linked4resilience.eu/data/cultural-sites/00051,Church of the Holy Queen Tamara,"Akademika Kurchatova Ave, 16, Kharkiv, Kharkiv Oblast, 61108",2022-03-12,,https://uk.wikipedia.org/wiki/%D0%A5%D1%80%D0%B0%D0%BC_%D1%81%D0%B2%D1%8F%D1%82%D0%BE%D1%97_%D0%B1%D0%BB%D0%B0%D0%B3%D0%BE%D0%B2%D1%96%D1%80%D0%BD%D0%BE%D1%97_%D1%86%D0%B0%D1%80%D0%B8%D1%86%D1%96_%D0%A2%D0%B0%D0%BC%D0%B0%D1%80%D0%B8_(%D0%A5%D0%B0%D1%80%D0%BA%D1%96%D0%B2),,50.3610787006,36.7997939133
https://linked4resilience.eu/data/cultural-sites/00111,"Cultural Center ""Meotida"" – Mariupol","221-yi Strilkovoi Dyvizii Blvd, Mariupol, Donetsk Oblast, 87500",,,,,47.1016193106,37.526228464
https://linked4resilience.eu/data/cultural-sites/00062,Building of the Department of Labor and Social Protection of the Population of Izyum City Council (building of the XIXth century),"Vulytsya Soborna, 20, Izyum, Kharkiv Oblast, 64309",2022,,,,49.1945413056,37.2787098074
https://linked4resilience.eu/data/cultural-sites/00056,Church of the Holy Myrrh-Bearing Women,"Chernyshevska St, 15, Kharkiv, Kharkiv Oblast, Ukraine, 61000",2022-03-12,,https://uk.wikipedia.org/wiki/%D0%9C%D0%B8%D1%80%D0%BE%D0%BD%D0%BE%D1%81%D0%B8%D1%86%D1%8C%D0%BA%D0%B0_%D1%86%D0%B5%D1%80%D0%BA%D0%B2%D0%B0_(%D0%A5%D0%B0%D1%80%D0%BA%D1%96%D0%B2),,49.9987813663,36.2358839553
https://linked4resilience.eu/data/cultural-sites/00067,Church of Saint Demetrios of Soluneia,"Vulytsya Oryeshkova, 41, Vasyshcheve, Kharkiv Oblast, Ukraine, 62495",2022-04-07,,https://uk.wikipedia.org/wiki/%D0%A6%D0%B5%D1%80%D0%BA%D0%B2%D0%B0_%D1%81%D0%B2%D1%8F%D1%82%D0%BE%D0%B3%D0%BE_%D0%94%D0%B8%D0%BC%D0%B8%D1%82%D1%80%D1%96%D1%8F_%D0%A1%D0%BE%D0%BB%D1%83%D0%BD%D1%81%D1%8C%D0%BA%D0%BE%D0%B3%D0%BE_(%D0%92%D0%B0%D1%81%D0%B8%D1%89%D0%B5%D0%B2%D0%B5),,49.8308534218,36.3325301123
https://linked4resilience.eu/data/cultural-sites/00025,Wooden Church of the Nativity of the Blessed Virgin Mary (built in 1892),"Н07, Peremoha, Kyiv Oblast, 07510",2022-03,,https://uk.wikipedia.org/wiki/%D0%A5%D1%80%D0%B0%D0%BC_%D0%A0%D1%96%D0%B7%D0%B4%D0%B2%D0%B0_%D0%9F%D1%80%D0%B5%D1%81%D0%B2%D1%8F%D1%82%D0%BE%D1%97_%D0%91%D0%BE%D0%B3%D0%BE%D1%80%D0%BE%D0%B4%D0%B8%D1%86%D1%96_(%D0%9F%D0%B5%D1%80%D0%B5%D0%BC%D0%BE%D0%B3%D0%B0),"https://en.religiononfire.mar.in.ua/wiki/Church_of_the_Nativity_of_the_Blessed_Virgin_Mary,_Peremoha,_Kyiv_oblast",50.8935053537,32.0773313959
https://linked4resilience.eu/data/cultural-sites/00025,Wooden Church of the Nativity of the Blessed Virgin Mary (built in 1892),"Н07, Peremoha, Kyiv Oblast, 07510",2022-03,,https://uk.wikipedia.org/wiki/%D0%A5%D1%80%D0%B0%D0%BC_%D0%A0%D1%96%D0%B7%D0%B4%D0%B2%D0%B0_%D0%9F%D1%80%D0%B5%D1%81%D0%B2%D1%8F%D1%82%D0%BE%D1%97_%D0%91%D0%BE%D0%B3%D0%BE%D1%80%D0%BE%D0%B4%D0%B8%D1%86%D1%96_(%D0%9F%D0%B5%D1%80%D0%B5%D0%BC%D0%BE%D0%B3%D0%B0),https://espreso.tv/istoriya-odnogo-khramu-fotoreportazh,50.8935053537,32.0773313959
https://linked4resilience.eu/data/cultural-sites/00074,City House of Culture – Derhachi,"пл.Перемоги, 1, Derhachi, Kharkivs'ka oblast, 62303",2022-05-13,,,https://suspilne.media/kharkiv/238905-rosijska-raketa-znisila-dergacivskij-budinok-kulturi-ta-gumanitarnij-stab/,50.1127728591,36.1076439099
https://linked4resilience.eu/data/cultural-sites/00017,Ivankiv Museum,"Vulytsya Shevchenka, 15, Ivankiv, Kyiv Oblast, Ukraine, 07203",2022-02-25,,https://uk.m.wikipedia.org/wiki/%D0%86%D0%B2%D0%B0%D0%BD%D0%BA%D1%96%D0%B2%D1%81%D1%8C%D0%BA%D0%B8%D0%B9_%D1%96%D1%81%D1%82%D0%BE%D1%80%D0%B8%D0%BA%D0%BE-%D0%BA%D1%80%D0%B0%D1%94%D0%B7%D0%BD%D0%B0%D0%B2%D1%87%D0%B8%D0%B9_%D0%BC%D1%83%D0%B7%D0%B5%D0%B9,,50.9296394354,29.9052988848
https://linked4resilience.eu/data/cultural-sites/00071,Church of the Transfiguration,"Saltivs'ke Hwy, 264 А, Kharkiv, Kharkiv Oblast, 61176",2022-04-18,,,https://focus.ua/uk/ukraine/512663-hram-preobrazheniya-gospodnego-popal-pod-obstrel-rossiyskih-okkupantov-v-harkove-foto ,49.9904595748,36.3592927231
https://linked4resilience.eu/data/cultural-sites/00035,Church of St. John the Baptist – Moshchun,"Мощун, Київська область, Україна, 08106",2022-03,,,https://teletype.in/@yumatory/sch_BI9L7Wn,51.9188185232,30.1797051188
https://linked4resilience.eu/data/cultural-sites/00012,Memorial house-museum and estate of Mykhailo Kotsiubynskyi – Chernihiv,"Kotsyubyns'koho St, 3, Chernihiv, Chernihiv Oblast, 14000",2022-03-06,,https://uk.wikipedia.org/wiki/%D0%A7%D0%B5%D1%80%D0%BD%D1%96%D0%B3%D1%96%D0%B2%D1%81%D1%8C%D0%BA%D0%B8%D0%B9_%D0%BB%D1%96%D1%82%D0%B5%D1%80%D0%B0%D1%82%D1%83%D1%80%D0%BD%D0%BE-%D0%BC%D0%B5%D0%BC%D0%BE%D1%80%D1%96%D0%B0%D0%BB%D1%8C%D0%BD%D0%B8%D0%B9_%D0%BC%D1%83%D0%B7%D0%B5%D0%B9-%D0%B7%D0%B0%D0%BF%D0%BE%D0%B2%D1%96%D0%B4%D0%BD%D0%B8%D0%BA_%D0%9C._%D0%9C._%D0%9A%D0%BE%D1%86%D1%8E%D0%B1%D0%B8%D0%BD%D1%81%D1%8C%D0%BA%D0%BE%D0%B3%D0%BE,,51.487359224,31.287985594
https://linked4resilience.eu/data/cultural-sites/00076,House of Culture – Lozova,"Lozova, Kharkiv Oblast, 64602",2022-05-20,,,,48.8807279949,36.2978789034
https://linked4resilience.eu/data/cultural-sites/00188,Museum of Western and Oriental Art,"Pushkins'ka St, 9, Odesa, Odes'ka oblast, Ukraine, 65000",2023-07-20,,https://uk.wikipedia.org/wiki/%D0%9E%D0%B4%D0%B5%D1%81%D1%8C%D0%BA%D0%B8%D0%B9_%D0%BC%D1%83%D0%B7%D0%B5%D0%B9_%D0%B7%D0%B0%D1%85%D1%96%D0%B4%D0%BD%D0%BE%D0%B3%D0%BE_%D1%96_%D1%81%D1%85%D1%96%D0%B4%D0%BD%D0%BE%D0%B3%D0%BE_%D0%BC%D0%B8%D1%81%D1%82%D0%B5%D1%86%D1%82%D0%B2%D0%B0,,46.4827218355,30.7430624982
https://linked4resilience.eu/data/cultural-sites/00158,St. Mitrofan's Church – Lysychansk,"St. Komsomolskaya, 2, Lysychansk, Luhansk region, Ukraine, 93100",,,,https://www.instagram.com/grntmedia/p/C55hbbpNEoa/?img_index=6,48.9281753076,38.4351065021
https://linked4resilience.eu/data/cultural-sites/00016,The house in which the writer H. Uspenskyi lived (architectural monument of local importance) – Chernihiv,"Княжа вулиця (Кірпоноса), 20А",2022,,,https://siver.com.ua/news/chernigiv_rosijani_vdarili_po_ditjachij_stomatpoliklinici/2022-02-27-30498,51.4942239037,31.2958199683
https://linked4resilience.eu/data/cultural-sites/00176,Officers' House (Monument of architecture and urban planning of local importance built in the 1930s) – Vinnytsya,"37 Kotsyubinsky Avenue, Vinnytsia, Vinnytsia Region, Ukraine, 21000",2022-07-14,,https://uk.wikipedia.org/wiki/%D0%91%D1%83%D0%B4%D0%B8%D0%BD%D0%BE%D0%BA_%D0%BE%D1%84%D1%96%D1%86%D0%B5%D1%80%D1%96%D0%B2_(%D0%92%D1%96%D0%BD%D0%BD%D0%B8%D1%86%D1%8F),https://i-vin.info/news/zruynovaniy-rosiyskimi-raketami-budinok-oficeriv-u-vinnici--scho-chekaye-na-istorichnu-budivlyu-5909.html,49.2393162348,28.4918597963
https://linked4resilience.eu/data/cultural-sites/00129,Church of the Intercession – Klishchiivka,"Klishchiivka, Donetsk Oblast",2023,not found ,,https://suspilne.media/donbas/574515-zrujnovanij-180-ricnij-hram-ta-budinki-so-vidomo-pro-klisiivku-poblizu-bahmuta/,48.5285647684,37.9574807619
https://linked4resilience.eu/data/cultural-sites/00152,Lysychansk Music School – Lysychansk,"D.I. Mendeleev 63, Lysychansk, Luhansk region, 93100",2022,,,,48.9151282628,38.425766265
https://linked4resilience.eu/data/cultural-sites/00157,House of Culture in Rubizhne,"Volodymyrska street, 1, Rubizhne, Luhansk region, Ukraine, 93000",2022,,,https://www.ostro.org/ru/articles/rubizhne-misto-yake-zobov-yazane-voskresnuty-hroniky-vijny-i345645,50.4160829,29.6257161
https://linked4resilience.eu/data/cultural-sites/00156,Church of St. Matrons of Moscow – Rubizhne,"Volodymyrska street, 6, Rubizhne, Luhansk region, Ukraine, 93000",2022,,,https://df.news/2022/03/25/snariadamy-po-blazhennij-matroni-moskovskij-okupanty-obstrilialy-dva-khramy-upts-mp-v-sievierodonetsku-ta-rubizhnomu/,49.0204132,38.3603742
https://linked4resilience.eu/data/cultural-sites/00109,Pokrovsky Monastery – Lyman (Donetsk region),"г. Лиман (Красный, Vulytsya Kar'yerna, 9, Lyman, Donetsk Oblast",2022-05,,https://uk.wikipedia.org/wiki/%D0%A1%D0%B2%D1%8F%D1%82%D0%BE-%D0%9F%D0%BE%D0%BA%D1%80%D0%BE%D0%B2%D1%81%D1%8C%D0%BA%D0%B8%D0%B9_%D0%B6%D1%96%D0%BD%D0%BE%D1%87%D0%B8%D0%B9_%D0%BC%D0%BE%D0%BD%D0%B0%D1%81%D1%82%D0%B8%D1%80_(%D0%9B%D0%B8%D0%BC%D0%B0%D0%BD),"https://uk.religiononfire.mar.in.ua/wiki/%D0%A1%D0%B2%D1%8F%D1%82%D0%BE-%D0%9F%D0%BE%D0%BA%D1%80%D0%BE%D0%B2%D1%81%D1%8C%D0%BA%D0%B8%D0%B9_%D0%BC%D0%BE%D0%BD%D0%B0%D1%81%D1%82%D0%B8%D1%80,_%D0%BC._%D0%9B%D0%B8%D0%BC%D0%B0%D0%BD,_%D0%94%D0%BE%D0%BD%D0%B5%D1%86%D1%8C%D0%BA%D0%B0_%D0%BE%D0%B1%D0%BB%D0%B0%D1%81%D1%82%D1%8C",48.9857066733,37.7923447651
https://linked4resilience.eu/data/cultural-sites/00177,Church of St. George the Victorious,"Kotsyubyns'koho Ave, 60а, Vinnytsia, Vinnytsia Oblast, Ukraine, 21000",2022-07-14,in Vinnytsya there are two church with the same name. Damaged one is in the center.,,,49.2389812,28.4919852
https://linked4resilience.eu/data/cultural-sites/00069,Memorial to the Victims of Totalitarianism,"Kharkiv, Kharkiv Oblast, 61000",2022-03-23,,https://uk.wikipedia.org/wiki/%D0%9C%D0%B5%D0%BC%D0%BE%D1%80%D1%96%D0%B0%D0%BB_%D0%B6%D0%B5%D1%80%D1%82%D0%B2_%D1%82%D0%BE%D1%82%D0%B0%D0%BB%D1%96%D1%82%D0%B0%D1%80%D0%B8%D0%B7%D0%BC%D1%83,https://maidan.org.ua/en/2023/08/rosiiany-obstrilialy-memorial-zhertvam-totalitaryzmu/,50.0811589216,36.2622255927
https://linked4resilience.eu/data/cultural-sites/00132,Folk History Museum of Avdiivka – Avdiivka,"Komunalna St, 11, Avdiivka, Donetsk Oblast, 86060",2023,Completely destroyed city/village,,,48.1339121136,37.7435838295
https://linked4resilience.eu/data/cultural-sites/00027,"Convent of the Icon of the Mother of God ""Uslyshatelnytsya"" in Fasova village (built in 2012-16)","Fasova, Kyiv Oblast, 08044",2022-03-28,,,"https://uk.religiononfire.mar.in.ua/wiki/Жіночий_монастир_на_честь_Ікони_Божої_Матері_%22Услишательниці%22,_с._Фасова,_Київська_область",50.3821291007,29.8188492441
https://linked4resilience.eu/data/cultural-sites/00108,Mariinsky Women's Gymnasium (built in 1894) – Mariupol ,"Hrets'ka St, 44, Mariupol, Donetsk Oblast, 87500",2023,no found,,https://life.pravda.com.ua/society/2023/10/23/257164/,47.0966958854,37.5538243121
https://linked4resilience.eu/data/cultural-sites/00003,The Military Historical Museum - a branch of the Chernihiv Historical Museum – Chernihiv,"55A, Shevchenka St 55А Чернигов Чернігівська, 14013, Shevchenka Street, 55А, Chernihiv, Chernihiv Oblast, Ukraine, 14000",2022-03-13,Chernihiv Historical Museum of V.V. Tarnovsky,https://uk.wikipedia.org/wiki/%D0%A7%D0%B5%D1%80%D0%BD%D1%96%D0%B3%D1%96%D0%B2%D1%81%D1%8C%D0%BA%D0%B8%D0%B9_%D0%B2%D1%96%D0%B9%D1%81%D1%8C%D0%BA%D0%BE%D0%B2%D0%BE-%D1%96%D1%81%D1%82%D0%BE%D1%80%D0%B8%D1%87%D0%BD%D0%B8%D0%B9_%D0%BC%D1%83%D0%B7%D0%B5%D0%B9,,51.4980378259,31.3190685394
https://linked4resilience.eu/data/cultural-sites/00003,The Military Historical Museum - a branch of the Chernihiv Historical Museum – Chernihiv,"55A, Shevchenka St 55А Чернигов Чернігівська, 14013, Shevchenka Street, 55А, Chernihiv, Chernihiv Oblast, Ukraine, 14000",2022-03-13,The Military Historical Museum - a branch of the Chernihiv Historical Museum – Chernihiv,https://uk.wikipedia.org/wiki/%D0%A7%D0%B5%D1%80%D0%BD%D1%96%D0%B3%D1%96%D0%B2%D1%81%D1%8C%D0%BA%D0%B8%D0%B9_%D0%B2%D1%96%D0%B9%D1%81%D1%8C%D0%BA%D0%BE%D0%B2%D0%BE-%D1%96%D1%81%D1%82%D0%BE%D1%80%D0%B8%D1%87%D0%BD%D0%B8%D0%B9_%D0%BC%D1%83%D0%B7%D0%B5%D0%B9,,51.4980378259,31.3190685394
https://linked4resilience.eu/data/cultural-sites/00185,House of Scientists (Tolstoy Palace),"Sabaneiv Mist St, 4, Odesa, Odesa Oblast, 65000",2023-07-23,,https://uk.wikipedia.org/wiki/%D0%91%D1%83%D0%B4%D0%B8%D0%BD%D0%BE%D0%BA_%D0%B2%D1%87%D0%B5%D0%BD%D0%B8%D1%85_(%D0%9E%D0%B4%D0%B5%D1%81%D0%B0),,46.4882610021,30.7361350911
https://linked4resilience.eu/data/cultural-sites/00073,Hryhorii Skovoroda National Literary Memorial Museum – Skovorodynivka,"3 c, вул. Приозерна, Skovorodynivka, Kharkiv Oblast, Ukraine, 62241",2022-05-06,,https://uk.wikipedia.org/wiki/%D0%9D%D0%B0%D1%86%D1%96%D0%BE%D0%BD%D0%B0%D0%BB%D1%8C%D0%BD%D0%B8%D0%B9_%D0%BB%D1%96%D1%82%D0%B5%D1%80%D0%B0%D1%82%D1%83%D1%80%D0%BD%D0%BE-%D0%BC%D0%B5%D0%BC%D0%BE%D1%80%D1%96%D0%B0%D0%BB%D1%8C%D0%BD%D0%B8%D0%B9_%D0%BC%D1%83%D0%B7%D0%B5%D0%B9_%D0%93._%D0%A1._%D0%A1%D0%BA%D0%BE%D0%B2%D0%BE%D1%80%D0%BE%D0%B4%D0%B8,https://www.bbc.com/ukrainian/news-61362020,50.1571155692,35.7673385412
https://linked4resilience.eu/data/cultural-sites/00001,Historic building of the regional youth center (formerly the Shchors Cinema),"Mahistrats'ka St, 3, Chernihiv, Chernihiv Oblast, Ukraine, 14000",2022-02-27,formerly the Shchors Cinema,https://uk.wikipedia.org/wiki/%D0%91%D1%83%D0%B4%D0%B8%D0%BD%D0%BE%D0%BA_%D0%A7%D0%B5%D1%80%D0%BD%D1%96%D0%B3%D1%96%D0%B2%D1%81%D1%8C%D0%BA%D0%BE%D0%B3%D0%BE_%D0%BE%D0%B1%D0%BB%D0%B0%D1%81%D0%BD%D0%BE%D0%B3%D0%BE_%D0%BC%D0%BE%D0%BB%D0%BE%D0%B4%D1%96%D0%B6%D0%BD%D0%BE%D0%B3%D0%BE_%D1%86%D0%B5%D0%BD%D1%82%D1%80%D1%83,,51.4929202781,31.2971075157
https://linked4resilience.eu/data/cultural-sites/00001,Historic building of the regional youth center (formerly the Shchors Cinema),"Mahistrats'ka St, 3, Chernihiv, Chernihiv Oblast, Ukraine, 14000",2022-02-27,"partially destroyed as a result of an air strike on the building of the Chernihiv City Council (State Bank House) on February 27, 2022",https://uk.wikipedia.org/wiki/%D0%91%D1%83%D0%B4%D0%B8%D0%BD%D0%BE%D0%BA_%D0%A7%D0%B5%D1%80%D0%BD%D1%96%D0%B3%D1%96%D0%B2%D1%81%D1%8C%D0%BA%D0%BE%D0%B3%D0%BE_%D0%BE%D0%B1%D0%BB%D0%B0%D1%81%D0%BD%D0%BE%D0%B3%D0%BE_%D0%BC%D0%BE%D0%BB%D0%BE%D0%B4%D1%96%D0%B6%D0%BD%D0%BE%D0%B3%D0%BE_%D1%86%D0%B5%D0%BD%D1%82%D1%80%D1%83,,51.4929202781,31.2971075157
https://linked4resilience.eu/data/cultural-sites/00186,Odesa Stolyarsky State Music Lyceum,"Sabaneiv Mist St, 1, Odesa, Odesa Oblast, Ukraine, 65000",2023-07-23,,https://uk.wikipedia.org/wiki/%D0%9E%D0%B4%D0%B5%D1%81%D1%8C%D0%BA%D0%B0_%D1%81%D0%B5%D1%80%D0%B5%D0%B4%D0%BD%D1%8F_%D1%81%D0%BF%D0%B5%D1%86%D1%96%D0%B0%D0%BB%D1%96%D0%B7%D0%BE%D0%B2%D0%B0%D0%BD%D0%B0_%D0%BC%D1%83%D0%B7%D0%B8%D1%87%D0%BD%D0%B0_%D1%88%D0%BA%D0%BE%D0%BB%D0%B0-%D1%96%D0%BD%D1%82%D0%B5%D1%80%D0%BD%D0%B0%D1%82_%D1%96%D0%BC%D0%B5%D0%BD%D1%96_%D0%9F._%D0%A1._%D0%A1%D1%82%D0%BE%D0%BB%D1%8F%D1%80%D1%81%D1%8C%D0%BA%D0%BE%D0%B3%D0%BE,,46.4876561575,30.7378690675
https://linked4resilience.eu/data/cultural-sites/00024,Bust of Taras Shevchenko in Borodyanka (established in 1999),"Borodyanka, Kyiv Oblast, 07800",2022-04-02,,,https://ui.org.ua/en/postcard/bust-of-taras-shevchenko/,50.7408896842,30.1978945451
https://linked4resilience.eu/data/cultural-sites/00022,House of Culture (built in 1952-54),"Soborna St,183, Irpin, Kyiv Oblast, Ukraine, 08200",2022-03-17,,, https://irpinhelp.com/en/project/central-house-of-culture/,50.5336933732,30.2332163288
https://linked4resilience.eu/data/cultural-sites/00022,House of Culture (built in 1952-54),"Soborna St,183, Irpin, Kyiv Oblast, Ukraine, 08200",2022-03-17,,,https://war.city/objects/palace-of-culture-irpin/ https://ui.org.ua/en/postcard/house-of-culture/,50.5336933732,30.2332163288
https://linked4resilience.eu/data/cultural-sites/00099,St. Nicholas the Wonderworker,"Lyman, Donetsk Oblast, 84400",2022,"Searched via ""St. Nicholas the Wonderworker Ukraine"", same place?",,"https://uk.religiononfire.mar.in.ua/wiki/%D0%A5%D1%80%D0%B0%D0%BC_%D1%81%D0%B2%D1%8F%D1%82%D0%B8%D1%82%D0%B5%D0%BB%D1%8F_%D0%9C%D0%B8%D0%BA%D0%BE%D0%BB%D0%B0%D1%8F_%D0%A7%D1%83%D0%B4%D0%BE%D1%82%D0%B2%D0%BE%D1%80%D1%86%D1%8F,_%D0%BC._%D0%9B%D0%B8%D0%BC%D0%B0%D0%BD,_%D0%94%D0%BE%D0%BD%D0%B5%D1%86%D1%8C%D0%BA%D0%B0_%D0%BE%D0%B1%D0%BB%D0%B0%D1%81%D1%82%D1%8C",48.9678469607,37.8198045911
https://linked4resilience.eu/data/cultural-sites/00154,Holy Intercession Church – Kreminna,"Detsky lane 2, 92902, Kreminna, Luhansk region",,not sure about the date of damage and there are no photo-approvings of it,,,49.0618362806,38.2174557441
https://linked4resilience.eu/data/cultural-sites/00093,Chapel of the Holy Martyr Tatiana,"Universytets'ka St, 7, Mariupol, Donetsk Oblast, 87500",2022-03-19,,,"https://en.religiononfire.mar.in.ua/wiki/Chapel_of_St._Matryress_Tetiana,_Mariupol,_Donetsk_oblast",47.2395395306,37.5953050902
https://linked4resilience.eu/data/cultural-sites/00031,Central City Library in Irpin,"Vulytsya Shevchenka, 3А, Irpin, Kyiv Oblast, Ukraine, 08200",,,https://uk.wikipedia.org/wiki/%D0%86%D1%80%D0%BF%D1%96%D0%BD%D1%81%D1%8C%D0%BA%D0%B0_%D1%86%D0%B5%D0%BD%D1%82%D1%80%D0%B0%D0%BB%D1%8C%D0%BD%D0%B0_%D0%BC%D1%96%D1%81%D1%8C%D0%BA%D0%B0_%D0%B1%D1%96%D0%B1%D0%BB%D1%96%D0%BE%D1%82%D0%B5%D0%BA%D0%B0,,50.5192388254,30.2449616136
https://linked4resilience.eu/data/cultural-sites/00101,Church Vifaniya in Mariupol (building of the early XXI century),"87500, Mariupol, Donetsk Oblast",2022-03-29,,,https://www.baptyst.com/u-mariupoli-rozbombyly-budivlyu-tserkvy-yehb-vifaniya/,47.150090593,37.6176592951
https://linked4resilience.eu/data/cultural-sites/00103,School of Arts in Mariupol (built in 1953),,2022,,https://uk.wikipedia.org/wiki/%D0%91%D0%BE%D0%BC%D0%B1%D0%B0%D1%80%D0%B4%D1%83%D0%B2%D0%B0%D0%BD%D0%BD%D1%8F_%D1%88%D0%BA%D0%BE%D0%BB%D0%B8_%D0%BC%D0%B8%D1%81%D1%82%D0%B5%D1%86%D1%82%D0%B2_%D1%83_%D0%9C%D0%B0%D1%80%D1%96%D1%83%D0%BF%D0%BE%D0%BB%D1%96,,,
https://linked4resilience.eu/data/cultural-sites/00033,Monument to St. Archangel Michael in Borodiyanka (established in 2015),,2022-04,,,https://vechirniy.kyiv.ua/news/64805/,,
https://linked4resilience.eu/data/cultural-sites/00168,Church of the Immaculate Conception of the Blessed Virgin Mary (built in 1852) – Kyselivka,"St. March 8, 6, Kyselivka, Mykolaiv Oblast, Ukraine, 57334 ",2022-05-02,"""Reports by media"". Put the website where a lot of photos of damages",,https://nikvesti.com/ua/articles/273390,,
https://linked4resilience.eu/data/cultural-sites/00143,Youth Center (Building of the former club of engineers) – Lysychansk,"Yunatska 78, Lysychansk, Luhansk Oblast, 93100",2022,This is the building of the former club of technicians,,https://www.facebook.com/Lisichansk.Pozashkillya/,48.9179034451,38.4279457255
https://linked4resilience.eu/data/cultural-sites/00197,"Tolstoy's mansion,1906 (architectural monument of local importance) – Odesa","Sabaneiv Mist St, 4, Odesa, Odesa Oblast, Ukraine, 65000",2023,,,https://24tv.ua/raketniy-udar-po-odesi-23-lipnya-poshkodzheniy-budinok-vchenih_n2358306,46.4882137704,30.7361645855
https://linked4resilience.eu/data/cultural-sites/00142,Three Saints Church – Popasna,"Popasna, Luhansk region, 93301",2022,,,https://risu.ua/okupanti-obstrilyali-hram-upc-mp-u-popasnij_n129300,48.6410940005,38.3754308032
https://linked4resilience.eu/data/cultural-sites/00173,Former Mariinsky Gymnasium (built in 1892) – Mykolaiv,"Nikolska street, 34 Mykolaiv, Mykolaiv region, Ukraine, 54000",2022-11-01,Damaged as a result of the attack by Russian S-300 missiles,https://uk.wikipedia.org/wiki/%D0%9F%D0%B5%D1%80%D1%88%D0%B0_%D1%83%D0%BA%D1%80%D0%B0%D1%97%D0%BD%D1%81%D1%8C%D0%BA%D0%B0_%D0%B3%D1%96%D0%BC%D0%BD%D0%B0%D0%B7%D1%96%D1%8F_%D1%96%D0%BC%D0%B5%D0%BD%D1%96_%D0%9C%D0%B8%D0%BA%D0%BE%D0%BB%D0%B8_%D0%90%D1%80%D0%BA%D0%B0%D1%81%D0%B0,,46.9772204,31.9820491
https://linked4resilience.eu/data/cultural-sites/00173,Former Mariinsky Gymnasium (built in 1892) – Mykolaiv,"Nikolska street, 34 Mykolaiv, Mykolaiv region, Ukraine, 54000",2022-11-01,new name First Ukrainian gymnasium named after Mykola Arkas,https://uk.wikipedia.org/wiki/%D0%9F%D0%B5%D1%80%D1%88%D0%B0_%D1%83%D0%BA%D1%80%D0%B0%D1%97%D0%BD%D1%81%D1%8C%D0%BA%D0%B0_%D0%B3%D1%96%D0%BC%D0%BD%D0%B0%D0%B7%D1%96%D1%8F_%D1%96%D0%BC%D0%B5%D0%BD%D1%96_%D0%9C%D0%B8%D0%BA%D0%BE%D0%BB%D0%B8_%D0%90%D1%80%D0%BA%D0%B0%D1%81%D0%B0,,46.9772204,31.9820491
https://linked4resilience.eu/data/cultural-sites/00052,Kharkiv National Academic Opera and Ballet Theater,"Sumska St, 25, Kharkiv, Kharkiv Oblast, 61057",2022-03-12,,https://uk.wikipedia.org/wiki/%D0%A5%D0%B0%D1%80%D0%BA%D1%96%D0%B2%D1%81%D1%8C%D0%BA%D0%B8%D0%B9_%D0%BD%D0%B0%D1%86%D1%96%D0%BE%D0%BD%D0%B0%D0%BB%D1%8C%D0%BD%D0%B8%D0%B9_%D0%B0%D0%BA%D0%B0%D0%B4%D0%B5%D0%BC%D1%96%D1%87%D0%BD%D0%B8%D0%B9_%D1%82%D0%B5%D0%B0%D1%82%D1%80_%D0%BE%D0%BF%D0%B5%D1%80%D0%B8_%D1%82%D0%B0_%D0%B1%D0%B0%D0%BB%D0%B5%D1%82%D1%83_%D1%96%D0%BC%D0%B5%D0%BD%D1%96_%D0%9C%D0%B8%D0%BA%D0%BE%D0%BB%D0%B8_%D0%9B%D0%B8%D1%81%D0%B5%D0%BD%D0%BA%D0%B0,,49.9996370919,36.2323896302
https://linked4resilience.eu/data/cultural-sites/00077,Manor house (built in 1832) – Kharkiv,"Poltavskyi Shliakh St, 13, Kharkiv, Kharkivs'ka oblast, 61000",2022-07-06,only russian name on google maps,https://uk.wikipedia.org/wiki/%D0%A1%D0%B0%D0%B4%D0%B8%D0%B1%D0%B0_%D0%9F%D0%B0%D0%B2%D0%BB%D0%BE%D0%B2%D0%B8%D1%85_(%D0%A5%D0%B0%D1%80%D0%BA%D1%96%D0%B2),"https://ui.org.ua/en/postcard/pavlov-manor/#:~:text=Pavlov%20Manor%20%E2%80%93%20Ukrainian%20Institute&text=190%2Dyears%2Dold%20architectural%20monument,in%20the%2019th%20century.",49.9875539758,36.2215375533
https://linked4resilience.eu/data/cultural-sites/00133,Church of the Miracle of the Archangel Michael – Novomykhailivka,"Novomykhailivka, Donetsk Oblast, 85654",2024-04-22,,,https://focus.ua/uk/voennye-novosti/642064-znishchili-hram-i-usi-budinki-yak-viglyadaye-novomihaylivka-pislya-prihodu-zs-rf-roszmi-video,47.8538717767,37.4882537848
https://linked4resilience.eu/data/cultural-sites/00106,Wooden All Saints' Hermitage – Sviatohirsk,Donetsk Oblast,2022-05-09,,,https://war.ukraine.ua/crimes/the-russians-fired-on-the-sviatohirsk-lavra-in-the-donetsk-region/,49.0242378252,37.5744978699
https://linked4resilience.eu/data/cultural-sites/00029,Church of Saints Elijah and Apostle Andrew the First-Called (built in 1997),"Bucha, Kyiv region, Ukraine, 08105",2022-03-10,,https://uk.wikipedia.org/wiki/%D0%A6%D0%B5%D1%80%D0%BA%D0%B2%D0%B0_%D0%A1%D0%B2%D1%8F%D1%82%D0%BE%D0%B3%D0%BE_%D0%90%D0%BF%D0%BE%D1%81%D1%82%D0%BE%D0%BB%D0%B0_%D0%90%D0%BD%D0%B4%D1%80%D1%96%D1%8F_%D0%9F%D0%B5%D1%80%D0%B2%D0%BE%D0%B7%D0%B2%D0%B0%D0%BD%D0%BE%D0%B3%D0%BE_(%D0%91%D1%83%D1%87%D0%B0),https://poglyad.tv/nastoyatel-hramu-andriya-pervozvannogo-v-buchi-rozpovidaie-pro-zvirstva-rashistiv-article,50.5490160177,30.2060739819
https://linked4resilience.eu/data/cultural-sites/00029,Church of Saints Elijah and Apostle Andrew the First-Called (built in 1997),"Bucha, Kyiv region, Ukraine, 08105",2022-03-10,,https://uk.wikipedia.org/wiki/%D0%A6%D0%B5%D1%80%D0%BA%D0%B2%D0%B0_%D0%A1%D0%B2%D1%8F%D1%82%D0%BE%D0%B3%D0%BE_%D0%90%D0%BF%D0%BE%D1%81%D1%82%D0%BE%D0%BB%D0%B0_%D0%90%D0%BD%D0%B4%D1%80%D1%96%D1%8F_%D0%9F%D0%B5%D1%80%D0%B2%D0%BE%D0%B7%D0%B2%D0%B0%D0%BD%D0%BE%D0%B3%D0%BE_(%D0%91%D1%83%D1%87%D0%B0),https://ui.org.ua/en/postcard/church-of-st-andrew-the-first-called/,50.5490160177,30.2060739819
https://linked4resilience.eu/data/cultural-sites/00110,Church of St. Makaria – Toretsk,"Mayakovsky St, 12, Toretsk, Donetsk Oblast, 85200",2022-08-04,,,"https://en.religiononfire.mar.in.ua/wiki/St._Macarius_Church,_Toretsk,_Donetsk_oblast",48.4020284702,37.8579643917
https://linked4resilience.eu/data/cultural-sites/00070,"Kharkiv Regional Palace of Children and Youth (House of Children's and Youth Creativity, built in 1851-53)","Sumska St, 37, Kharkiv, Kharkiv Oblast, Ukraine, 61000",2022-09-06,,,http://visti.news/palats-dytyachoyi-ta-yunatskoyi-tvorchosti-v-harkovi-majzhe-170-litnya-pam-yatka-i-6-raketnyh-udariv/,50.0043182337,36.234754883
https://linked4resilience.eu/data/cultural-sites/00124,Kingdom Hall of Jehovah’s Witnesses – Bakhmut,"Bakhmut, Donetsk Oblast, 84501",2023,three sites and Completely destroyed city/village,,,48.5917309538,38.0059101339
https://linked4resilience.eu/data/cultural-sites/00060,Former women's gymnasium (built in 1870s),"Pokrovska St, 34, Izyum, Kharkiv Oblast, 64305",2022-03,,https://uk.wikipedia.org/wiki/%D0%86%D0%B7%D1%8E%D0%BC%D1%81%D1%8C%D0%BA%D0%B0_%D0%B6%D1%96%D0%BD%D0%BE%D1%87%D0%B0_%D0%B3%D1%96%D0%BC%D0%BD%D0%B0%D0%B7%D1%96%D1%8F,,49.1913722797,37.2792190544
https://linked4resilience.eu/data/cultural-sites/00112,"Technological Lyceum (1936 building) - Mariupol 
","Pushkina St, 51. м, Mariupol, Donetsk Oblast, 87515",2022-02,,https://uk.wikipedia.org/wiki/%D0%9C%D0%B0%D1%80%D1%96%D1%83%D0%BF%D0%BE%D0%BB%D1%8C%D1%81%D1%8C%D0%BA%D0%B8%D0%B9_%D1%82%D0%B5%D1%85%D0%BD%D1%96%D1%87%D0%BD%D0%B8%D0%B9_%D0%BB%D1%96%D1%86%D0%B5%D0%B9,,47.0952847104,37.5489419942
https://linked4resilience.eu/data/cultural-sites/00095,The Drama Theater in Mariupol,"Teatral'na Square, 1, Mariupol', Donets'ka oblast, 87500",2022-03-16,,https://uk.wikipedia.org/wiki/%D0%94%D0%BE%D0%BD%D0%B5%D1%86%D1%8C%D0%BA%D0%B8%D0%B9_%D0%B0%D0%BA%D0%B0%D0%B4%D0%B5%D0%BC%D1%96%D1%87%D0%BD%D0%B8%D0%B9_%D0%BE%D0%B1%D0%BB%D0%B0%D1%81%D0%BD%D0%B8%D0%B9_%D0%B4%D1%80%D0%B0%D0%BC%D0%B0%D1%82%D0%B8%D1%87%D0%BD%D0%B8%D0%B9_%D1%82%D0%B5%D0%B0%D1%82%D1%80,https://en.wikipedia.org/wiki/Mariupol_theatre_airstrike,47.0964173345,37.5487154701
https://linked4resilience.eu/data/cultural-sites/00072,Strytenska Church in Lisne (built in 2018),"Lisne, Kharkiv Oblast, 62340",2022-08-29,,,https://news.church.ua/2022/04/29/u-rezultati-obstrilu-postrazhdav-shhe-odin-xram-xarkivskoji-jeparxiji-upc/#2024-05-06,50.1115943138,36.271814146
https://linked4resilience.eu/data/cultural-sites/00047,Uspensky Cathedral - Assumption Cathedral,"Universytets'ka St, 11, Kharkiv, Kharkiv Oblast, 61000",2022-03-02,,https://uk.wikipedia.org/wiki/%D0%A1%D0%B2%D1%8F%D1%82%D0%BE-%D0%A3%D1%81%D0%BF%D0%B5%D0%BD%D1%81%D1%8C%D0%BA%D0%B8%D0%B9_%D1%81%D0%BE%D0%B1%D0%BE%D1%80_(%D0%A5%D0%B0%D1%80%D0%BA%D1%96%D0%B2),,50.3320576844,36.9803699255
https://linked4resilience.eu/data/cultural-sites/00015,The building of the “Desna” Hotel (architectural monument of local importance),"Mahistrats'ka St, 1/20, Chernihiv, Chernihivs'ka oblast, 14000",2023-08-19,,"https://uk.wikipedia.org/wiki/%D0%91%D1%83%D0%B4%D0%B8%D0%BD%D0%BE%D0%BA_%D0%B3%D0%BE%D1%82%D0%B5%D0%BB%D1%8E_%C2%AB%D0%94%D0%B5%D1%81%D0%BD%D0%B0%C2%BB
",,51.4919700456,31.2973157116
https://linked4resilience.eu/data/cultural-sites/00030,Local History Museum of Borodyanshchyna in Borodyanka,"Vulytsya Parkova, 1а, Borodyanka, Kyiv Oblast, Ukraine, 07801",2022-03-02,,,https://koda.gov.ua/eksponaty-krayeznavchogo-muzeyu-borodyanshhyny-vryatovano/,50.644454238,29.9330687848
https://linked4resilience.eu/data/cultural-sites/00030,Local History Museum of Borodyanshchyna in Borodyanka,"Vulytsya Parkova, 1а, Borodyanka, Kyiv Oblast, Ukraine, 07801",2022-03-02,,,https://www.istpravda.com.ua/short/2022/04/11/161183/,50.644454238,29.9330687848
https://linked4resilience.eu/data/cultural-sites/00020,Petro-Pavlivska Church,"Turhenjeva St, 7, Bucha, Kyiv Oblast, 08292",2022-03-09,,,https://dess.gov.ua/wp-content/uploads/2023/01/Perelik-na-2023-01-26_UKR.pdf,50.5533047717,30.2398604333
https://linked4resilience.eu/data/cultural-sites/00020,Petro-Pavlivska Church,"Turhenjeva St, 7, Bucha, Kyiv Oblast, 08292",2022-03-09,,,https://news.church.ua/2022/03/13/v-buchi-vid-obstriliv-postrazhdav-xram-kijivskoji-jeparxiji/#2024-07-30,50.5533047717,30.2398604333
https://linked4resilience.eu/data/cultural-sites/00137,"Islamic Cultural Centre ""Bismillah"" in Severodonetsk","Hvardiiskyi Ave, 10 а, Severodonetsk, Luhansk Oblast, Ukraine, 93408",2022,,https://uk.wikipedia.org/wiki/%D0%86%D1%81%D0%BB%D0%B0%D0%BC%D1%81%D1%8C%D0%BA%D0%B8%D0%B9_%D0%BA%D1%83%D0%BB%D1%8C%D1%82%D1%83%D1%80%D0%BD%D0%B8%D0%B9_%D1%86%D0%B5%D0%BD%D1%82%D1%80_%C2%AB%D0%91%D1%96%D1%81%D0%BC%D1%96%D0%BB%D0%BB%D1%8F%C2%BB#%D0%A0%D0%BE%D0%B7%D1%82%D0%B0%D1%88%D1%83%D0%B2%D0%B0%D0%BD%D0%BD%D1%8F,,48.9392798863,38.4945170387
https://linked4resilience.eu/data/cultural-sites/00161,Historical monument f architecture of national importance - the house of the estate manager L.E. Koenig (1911),"Trostyanets', Sumy Oblast",2022,,,https://suspilne.media/sumy/247179-fond-sadibi-keniga-u-trostanci-na-sumsini-vtraceno-nazavzdi/,50.4758240124,34.9186384656
https://linked4resilience.eu/data/cultural-sites/00182,St. Nicholas Church,"Prymors'ka St, 6/1, Odesa, Odesa Oblast, Ukraine, 65000",2023,,,"https://suspilne.media/culture/531537-ukrainski-cerkvi-so-postrazdali-vid-rosijskih-atak-foto/#:~:text=%D0%9E%D0%B4%D0%B5%D1%81%D1%8C%D0%BA%D0%B0%20%D0%BE%D0%B1%D0%BB%D0%B0%D1%81%D1%82%D1%8C,%D0%B2%D0%B8%D0%B1%D0%B8%D1%82%D1%96%20%D0%B2%D1%96%D0%BA%D0%BD%D0%B0%20%D1%82%D0%B0%20%D0%BF%D0%BE%D1%88%D0%BA%D0%BE%D0%B4%D0%B6%D0%B5%D0%BD%D0%BE%20%D0%B4%D0%B0%D1%85.",46.4926868373,30.7479412577
https://linked4resilience.eu/data/cultural-sites/00053,Kharkiv State Scientific Library (Korolenko State Scientific Library),"Korolenka Ln, 18, Kharkiv, Kharkiv Oblast, Ukraine, 61000",2022-03-12,,https://uk.wikipedia.org/wiki/%D0%A5%D0%B0%D1%80%D0%BA%D1%96%D0%B2%D1%81%D1%8C%D0%BA%D0%B0_%D0%B4%D0%B5%D1%80%D0%B6%D0%B0%D0%B2%D0%BD%D0%B0_%D0%BD%D0%B0%D1%83%D0%BA%D0%BE%D0%B2%D0%B0_%D0%B1%D1%96%D0%B1%D0%BB%D1%96%D0%BE%D1%82%D0%B5%D0%BA%D0%B0_%D1%96%D0%BC%D0%B5%D0%BD%D1%96_%D0%92._%D0%93._%D0%9A%D0%BE%D1%80%D0%BE%D0%BB%D0%B5%D0%BD%D0%BA%D0%B0,,49.9905818192,36.2345953817
https://linked4resilience.eu/data/cultural-sites/00042,National Museum Taras Shevchenko – Kyiv ,"Tarasa Shevchenko Blvd, 12, Kyiv, Ukraine, 01004",2022-10-10,,https://uk.wikipedia.org/wiki/%D0%9D%D0%B0%D1%86%D1%96%D0%BE%D0%BD%D0%B0%D0%BB%D1%8C%D0%BD%D0%B8%D0%B9_%D0%BC%D1%83%D0%B7%D0%B5%D0%B9_%D0%A2%D0%B0%D1%80%D0%B0%D1%81%D0%B0_%D0%A8%D0%B5%D0%B2%D1%87%D0%B5%D0%BD%D0%BA%D0%B0,https://detector.media/infospace/article/203587/2022-10-10-u-kyievi-rosiyski-rakety-poshkodyly-universytet-shevchenka-muzey-khanenkiv-ta-muzey-shevchenka-foto-video/,50.4436905059,30.5156276031
https://linked4resilience.eu/data/cultural-sites/00042,National Museum Taras Shevchenko – Kyiv ,"Tarasa Shevchenko Blvd, 12, Kyiv, Ukraine, 01004",2022-10-10,,https://uk.wikipedia.org/wiki/%D0%9D%D0%B0%D1%86%D1%96%D0%BE%D0%BD%D0%B0%D0%BB%D1%8C%D0%BD%D0%B8%D0%B9_%D0%BC%D1%83%D0%B7%D0%B5%D0%B9_%D0%A2%D0%B0%D1%80%D0%B0%D1%81%D0%B0_%D0%A8%D0%B5%D0%B2%D1%87%D0%B5%D0%BD%D0%BA%D0%B0,https://news.artnet.com/art-world/ukraine-culture-attack-2189484,50.4436905059,30.5156276031
https://linked4resilience.eu/data/cultural-sites/00114,Church of the Nativity of the Blessed Virgin Mary – Verkhn'okam'yans'ke,"Verkhn'okam'yans'ke, Donetsk Oblast, 84525",2022,,,,48.873385279,38.2162761919
https://linked4resilience.eu/data/cultural-sites/00054,Building of the faculty of Economics of Kharkiv National University,"Myronosytska St, 1, Kharkiv, Kharkiv Oblast, 61000",2022-03-02,,,,50.0025700067,36.2457033129
https://linked4resilience.eu/data/cultural-sites/00172,Palace of creativity of students – Mykolaiv,"Admiralska street, 31/1, Mykolaiv, Mykolaiv region, Ukraine, 54000",2022-03-09,,,,46.9742509,31.9955637
https://linked4resilience.eu/data/cultural-sites/00014,Chernihiv Regional Taras Shevchenko Theater,"Myru Ave, 23, Chernihiv, Chernihiv Oblast, Ukraine, 14000",2023-08-19,,,https://war.ukraine.ua/crimes/chernihiv-theater-attack-on-august-19/,51.4915954136,31.2994653406
https://linked4resilience.eu/data/cultural-sites/00082,Church “New Life” – Izyum,https://maps.app.goo.gl/692DiSDeC5PcMoPz6,,,,https://risu.ua/orki-zrujnuvali-dim-molitvi-baptistiv-v-izyumi_n126955,49.1959777176,37.275916919
https://linked4resilience.eu/data/cultural-sites/00200,Assumption Church (built in 1811-1835) – Beryslav,"Vulytsya Lunacharsʹkoho, Beryslav, Kherson Oblast, 74300",2022,,https://uk.wikipedia.org/wiki/%D0%91%D0%B5%D1%80%D0%B8%D1%81%D0%BB%D0%B0%D0%B2,,46.8414071142,33.427700356
https://linked4resilience.eu/data/cultural-sites/00085,Kupyansk Local Lore Museum – Kupyansk,"1 Травня вул. 21, Kup'yans'k, Харківська, Ukraine, 63701",2023-05-25,,"https://uk.wikipedia.org/wiki/%D0%9A%D1%83%D0%BF%27%D1%8F%D0%BD%D1%81%D1%8C%D0%BA%D0%B8%D0%B9_%D0%BA%D1%80%D0%B0%D1%94%D0%B7%D0%BD%D0%B0%D0%B2%D1%87%D0%B8%D0%B9_%D0%BC%D1%83%D0%B7%D0%B5%D0%B9#:~:text=%D0%9A%D1%83%CC%81%D0%BF'%D1%8F%D0%BD%D1%81%D1%8C%D0%BA%D0%B8%D0%B9%20%D0%BA%D1%80%D0%B0%D1%94%D0%B7%D0%BD%D0%B0%CC%81%D0%B2%D1%87%D0%B8%D0%B9%20%D0%BC%D1%83%D0%B7%D0%B5%CC%81%D0%B9%20%E2%80%94%20%D0%BC%D1%96%D1%81%D1%8C%D0%BA%D0%B8%D0%B9,%D1%81%D0%BF%D0%BE%D1%80%D1%82%D1%83%20%D0%9A%D1%83%D0%BF'%D1%8F%D0%BD%D1%81%D1%8C%D0%BA%D0%BE%D1%97%20%D0%BC%D1%96%D1%81%D1%8C%D0%BA%D0%BE%D1%97%20%D1%80%D0%B0%D0%B4%D0%B8.&text=~%207%20%D1%82%D0%B8%D1%81.",,49.7143130032,37.6108029565
https://linked4resilience.eu/data/cultural-sites/00181,Odesa Literature Museum,"Lanzheronivs'ka St, 2, Odesa, Odesa Oblast, Ukraine, 65000",2023,,,,46.4850722184,30.7445468693
https://linked4resilience.eu/data/cultural-sites/00196,"Apartment building (Zhdanova), 1910 (architectural monument of local importance) – Odesa","Katerynyns'ka Square, 6, Odesa, Odes'ka oblast, 65000",2023,,,https://life.liga.net/all/news/minkult-rasshiril-spisok-pamyatnikov-postradavshih-ot-raketnoy-ataki-na-odessu,46.4877796692,30.7389811367
https://linked4resilience.eu/data/cultural-sites/00116,Kingdom Hall of Jehovah's Witnesses in Mariupol – Mariupol,"Tul's'kyi Ln, 35, Mariupol, Donetsk Oblast, 87545",2022-03-30,,,"https://en.religiononfire.mar.in.ua/wiki/Kingdom_Hall_of_Jehovah%27s_Witnesses_(Tuluska_str.),_Mariupol,_Donetsk_oblast",47.1090191727,37.6579579361
https://linked4resilience.eu/data/cultural-sites/00134,Holy Iveron Convent - Pisky,"Vulytsya Myru, Pisky, Donetsk Oblast, 86053",,,https://uk.wikipedia.org/wiki/%D0%86%D0%B2%D0%B5%D1%80%D1%81%D1%8C%D0%BA%D0%B8%D0%B9_%D0%BC%D0%BE%D0%BD%D0%B0%D1%81%D1%82%D0%B8%D1%80_(%D0%94%D0%BE%D0%BD%D0%B5%D1%86%D1%8C%D0%BA),,48.0653324348,37.6657891623
https://linked4resilience.eu/data/cultural-sites/00169,City Palace of Culture – Ochakiv,"Nikolskaya street, 3, Ochakov, Nikolaev region, Ukraine, 57500",2022-06-27,,,,46.6090388,31.5490554
https://linked4resilience.eu/data/cultural-sites/00184,Pommer's mansion (built it 1893-1894) – Odesa,"Sabaneiv Mist St, 3, Odesa, Odesa Oblast, 65000",2023,,,https://dumskaya.net/news/udar-v-serdtce-pamyatniki-arhitektury-i-istorii-177529/,46.4879933477,30.7370573448
https://linked4resilience.eu/data/cultural-sites/00141,Building of the former Soda barracks – Lysychansk,"Mohylevska 5, Lysychansk, Luhansk Oblast, 93100",2022,,https://ru.wikipedia.org/wiki/%D0%9B%D0%B8%D1%81%D0%B8%D1%87%D0%B0%D0%BD%D1%81%D0%BA%D0%B0%D1%8F_%D0%BC%D0%BD%D0%BE%D0%B3%D0%BE%D0%BF%D1%80%D0%BE%D1%84%D0%B8%D0%BB%D1%8C%D0%BD%D0%B0%D1%8F_%D0%B3%D0%B8%D0%BC%D0%BD%D0%B0%D0%B7%D0%B8%D1%8F,https://tribun.com.ua/uk/103971-lisichanska-gimnazija-rubizhanskij-pk-teatr-u-severodonetsku-ta-inshi-rozpovidaemo-pro-dolju-vidomix-kulturnix-ob-ektiv-luganschini,48.8894356099,38.4709066187
https://linked4resilience.eu/data/cultural-sites/00049,"Historical ""Slovo"" building","Kultury Street, 9, Kharkiv, Kharkiv region, 61000",2022-03-07,Google said it is this one????,https://uk.wikipedia.org/wiki/%D0%91%D1%83%D0%B4%D0%B8%D0%BD%D0%BE%D0%BA_%C2%AB%D0%A1%D0%BB%D0%BE%D0%B2%D0%BE%C2%BB,,50.0118194327,36.2343628179
https://linked4resilience.eu/data/cultural-sites/00028,Holy Trinity Church (built in 1909-15),"Tyschenkа St, 12Г, Irpin, Kyiv Oblast, 08200",2022-03-12 2022-03-27,,https://uk.wikipedia.org/wiki/%D0%A1%D0%B2%D1%8F%D1%82%D0%BE-%D0%A2%D1%80%D0%BE%D1%97%D1%86%D1%8C%D0%BA%D0%B0_%D1%86%D0%B5%D1%80%D0%BA%D0%B2%D0%B0_(%D0%86%D1%80%D0%BF%D1%96%D0%BD%D1%8C),https://hromadske.ua/posts/slidi-vijni-sho-vidbuvayetsya-z-poshkodzhenimi-obyektami-kulturi-na-kiyivshini,50.5177068033,30.2375288459
https://linked4resilience.eu/data/cultural-sites/00120,Church of St. Nicholas – Mykil's'ke,"Mykil's'ke, Donetsk Oblast, 85720",,,,,47.7573543869,37.3044378867
https://linked4resilience.eu/data/cultural-sites/00013,House of Prayer of the Second Chernihiv Church of Christian Baptists – Chernihiv,"Vsevoloda Hantsova St, 43, Chernihiv, Chernihiv Oblast, 14000",2022-03-09,,"https://uk.religiononfire.mar.in.ua/wiki/%D0%94%D1%96%D0%BC_%D0%BC%D0%BE%D0%BB%D0%B8%D1%82%D0%B2%D0%B8_%D0%94%D1%80%D1%83%D0%B3%D0%BE%D1%97_%D1%87%D0%B5%D1%80%D0%BD%D1%96%D0%B3%D1%96%D0%B2%D1%81%D1%8C%D0%BA%D0%BE%D1%97_%D1%86%D0%B5%D1%80%D0%BA%D0%B2%D0%B8,_%D0%BC._%D0%A7%D0%B5%D1%80%D0%BD%D1%96%D0%B3%D1%96%D0%B2,_%D0%A7%D0%B5%D1%80%D0%BD%D1%96%D0%B3%D1%96%D0%B2%D1%81%D1%8C%D0%BA%D0%B0_%D0%BE%D0%B1%D0%BB%D0%B0%D1%81%D1%82%D1%8C",,51.5174249173,31.3360634467
https://linked4resilience.eu/data/cultural-sites/00147,Palace of Culture of Chemists – Severodonetsk,"Druzhby Narodiv Boulevard, 37, Tsentralnyi Avenue, Sievierodonetsk, Luhansk Oblast, 93400",2022,,https://uk.wikipedia.org/wiki/%D0%9F%D0%B0%D0%BB%D0%B0%D1%86_%D0%BA%D1%83%D0%BB%D1%8C%D1%82%D1%83%D1%80%D0%B8_%D1%85%D1%96%D0%BC%D1%96%D0%BA%D1%96%D0%B2_(%D0%A1%D1%94%D0%B2%D1%94%D1%80%D0%BE%D0%B4%D0%BE%D0%BD%D0%B5%D1%86%D1%8C%D0%BA),,48.9543196599,38.4897035197
https://linked4resilience.eu/data/cultural-sites/00155,Kingdom Hall of Jehovah's Witnesses in Severodonetsk – Severodonetsk,"WFXQ+FG Severodonetsk, Luhansk Oblast, Ukraine",,no photos of damage,,,48.9496257024,38.4893622982
https://linked4resilience.eu/data/cultural-sites/00170,"Palace of Culture ""Korabelny"" – Mykolaiv","Bogoyavlenskyi prospect, 328, Mykolaiv, Mykolaiv region, Ukraine, 54000",2024-08,Do not shown exact day of damage,,,46.8626665,32.0172842
https://linked4resilience.eu/data/cultural-sites/00164,The main house museum of the estate L.E. Koenig (building from the late XVIII century – 1870; part of Trostyanetsky Museum and Exhibition Center),"Vulytsya Myru, 16, Trostyanets', Sumy Oblast, 42602",2022,Historic building?,,https://suspilne.media/sumy/273908-pamatki-trostanca-ta-ohtirki-na-sumsini-potrapili-u-proekt-vidnovlenna-kulturnoi-spadsini/,50.4746859819,34.9577606442
https://linked4resilience.eu/data/cultural-sites/00098,St. Archangel Michael Church in Mariupol ,"3 Voiniv-Vizvolitelev street, Mariupol, Donetsk region, 87500",2022,Multiply searching results,https://uk.wikipedia.org/wiki/%D0%A1%D0%BE%D0%B1%D0%BE%D1%80_%D0%90%D1%80%D1%85%D0%B8%D1%81%D1%82%D1%80%D0%B0%D1%82%D0%B8%D0%B3%D0%B0_%D0%9C%D0%B8%D1%85%D0%B0%D0%B9%D0%BB%D0%B0_(%D0%9C%D0%B0%D1%80%D1%96%D1%83%D0%BF%D0%BE%D0%BB%D1%8C),,47.1098542201,37.6667664554
https://linked4resilience.eu/data/cultural-sites/00205,House of Culture – Posad-Pokrovs'ke,"Vulytsya Khersonsʹka, Posad-Pokrovs'ke, Kherson Oblast, 75010",2023,,,https://tsn.ua/exclusive/16-richniy-kirilo-vchitsya-grati-na-pianino-u-rozbitiy-kimnati-yak-zhive-selo-yake-putin-zrivnyav-iz-zemleyu-2434846.html,46.8074635503,32.2688330412
https://linked4resilience.eu/data/cultural-sites/00121,House of Culture (built in 1950) – Niu-York,"Niu-York, Donetsk Oblast, Ukraine, 85294",2023,Completely destroyed city/village,,https://newyorker.city/articles/296765/malenkij-versal-yakij-zrujnuvala-rosiya-cikava-istoriya-budinku-kulturi-fenolnogo-zavodu,48.3326220254,37.8278048411
https://linked4resilience.eu/data/cultural-sites/00032,Palace of Culture. T.G. Shevchenko,"Parkova 1A, Borodyanka, Kyiv region, Ukraine, 07800",2022-03-31,,,https://shotam.info/u-borodiantsi-vidnovliuiut-zruynovanyy-palats-kultury-im-shevchenka-foto/,50.7963386255,29.98284049
https://linked4resilience.eu/data/cultural-sites/00193,"House of the Credit Society, 1881 (architectural monument of local importance) – Odesa","Hoholia St, 12, Odesa, Odesa Oblast, 65000",2023,,,https://life.liga.net/all/news/minkult-rasshiril-spisok-pamyatnikov-postradavshih-ot-raketnoy-ataki-na-odessu,46.4890003462,30.7356550166
https://linked4resilience.eu/data/cultural-sites/00208,House of Culture – Osokorivka,"Vulytsya Sadova, Osokorivka, Kherson Oblast, 74210",2022,,,https://hmarochos.kiev.ua/2024/01/09/fondy-volontery-ta-misczevi-meshkanczi-pid-obstrilamy-vidbudovuyut-gromadu-na-hersonshhyni/,47.4694682592,33.9921484323
https://linked4resilience.eu/data/cultural-sites/00180,Odesa Maritime Museum,"Lanzheronivs'kyi descent, 1, Odesa, Odesa Oblast, Ukraine, 65000",2023,,,,46.4845332673,30.7448744203
https://linked4resilience.eu/data/cultural-sites/00102,Yuryev's House in Mariupol (building of the late nineteenth century),"Koval's'kyi Ln, 31, Mariupol, Donetsk Oblast, Ukraine, 87500",2022-04-13,"Searched via ""Yuryev's House in Mariupo "", same place?",,https://ui.org.ua/en/postcard/yurievs-house/,47.0966511864,37.5628823518
https://linked4resilience.eu/data/cultural-sites/00199,House of Culture – Berezove (Dnipropetrovsk region),"Berezove, Dnipropetrovsk Oblast, 53624",2022,no info about exact location,,https://region.dp.ua/okupanty-obstrilialy-selo-berezove-synelnykivskoho-rajonu-dnipropetrovskoi-oblasti-rozpochato-provadzhennia/,47.9560008888,36.5483060824
https://linked4resilience.eu/data/cultural-sites/00209,The building of the residential complex for teachers of the Lviv Polytechnic – Lviv,Stryyska Street at the corner of Akademika Sakharov Street at No. 50-76 V,2023-07-06,,,https://life.nv.ua/ukr/art/raketniy-udar-po-lvovu-rosiyani-pocilili-po-buferniy-zoni-ob-yekta-vsesvitnoji-spadshchini-yunesko-50337095.html,49.824909,24.0087523
https://linked4resilience.eu/data/cultural-sites/00128,Church of Saint John Chrysostom – Bakhmut,"Yuvileyna street, 19, ""Pobeda"" cinema, Bakhmut, Donetsk Oblast, 84501",2023,Completely destroyed city/village,,https://www.reddit.com/r/ukraine/comments/13d06o0/the_church_of_the_holy_annunciation_in_bakhmut/,48.5868488477,37.9712982162
https://linked4resilience.eu/data/cultural-sites/00126,Church of the Annunciation – Bakhmut,"Bakhmut, Donetsk Oblast, 84500",2023,Multiple locations and Completely destroyed city/village,,,48.6340134524,37.9959459125
https://linked4resilience.eu/data/cultural-sites/00167,Trostyanets Forest Museum and research station – Trostyanets,"Миру вул. 16, Trostyanets', Сумська, Ukraine, 42600",2022,,https://uk.wikipedia.org/wiki/%D0%9A%D1%80%D0%B0%D1%81%D0%BD%D0%BE%D1%82%D1%80%D0%BE%D1%81%D1%82%D1%8F%D0%BD%D0%B5%D1%86%D1%8C%D0%BA%D0%B0_%D0%BB%D1%96%D1%81%D0%BE%D0%B2%D0%B0_%D0%BD%D0%B0%D1%83%D0%BA%D0%BE%D0%B2%D0%BE-%D0%B4%D0%BE%D1%81%D0%BB%D1%96%D0%B4%D0%BD%D0%B0_%D1%81%D1%82%D0%B0%D0%BD%D1%86%D1%96%D1%8F,,50.4793500585,34.9577650001
https://linked4resilience.eu/data/cultural-sites/00100,Mariupol Museum of Local Lore,"Heorhiivs'ka St, 20, Mariupol, Donetsk Oblast, Ukraine, 87500",2022-04-16,,https://uk.wikipedia.org/wiki/%D0%9C%D0%B0%D1%80%D1%96%D1%83%D0%BF%D0%BE%D0%BB%D1%8C%D1%81%D1%8C%D0%BA%D0%B8%D0%B9_%D0%BA%D1%80%D0%B0%D1%94%D0%B7%D0%BD%D0%B0%D0%B2%D1%87%D0%B8%D0%B9_%D0%BC%D1%83%D0%B7%D0%B5%D0%B9,,47.0934564895,37.5596192136
https://linked4resilience.eu/data/cultural-sites/00089,Former House of Heinrich Janzen (built in the late nineteenth century) – Orikhiv,"11 Shevchenka street, Orihiv, Zaporizhzhia region, 70500",2022-05-21,,https://uk.wikipedia.org/wiki/%D0%A1%D0%B0%D0%B4%D0%B8%D0%B1%D0%B0_%D0%93%D0%B5%D0%BD%D1%80%D1%96%D1%85%D0%B0_%D0%AF%D0%BD%D1%86%D0%B5%D0%BD%D0%B0,https://ui.org.ua/postcard/budynok-genriha-yanczena/,47.5765845953,35.7830601896
https://linked4resilience.eu/data/cultural-sites/00023,Church of the Resurrection of Christ,"Mykilsko-Slobidska St, 5, Kyiv, Ukraine, 02002",2023-11-25,,,https://www.pravda.com.ua/eng/news/2023/11/26/7430476/,50.4532817698,30.5867633001
https://linked4resilience.eu/data/cultural-sites/00043,National Museum of Natural History of the National Academy of Sciences of Ukraine – Kyiv ,"Bohdana Khmel'nyts'koho St, 15, Kyiv, Ukraine, 01030",2022-10-10,,https://uk.wikipedia.org/wiki/%D0%9D%D0%B0%D1%86%D1%96%D0%BE%D0%BD%D0%B0%D0%BB%D1%8C%D0%BD%D0%B8%D0%B9_%D0%BD%D0%B0%D1%83%D0%BA%D0%BE%D0%B2%D0%BE-%D0%BF%D1%80%D0%B8%D1%80%D0%BE%D0%B4%D0%BD%D0%B8%D1%87%D0%B8%D0%B9_%D0%BC%D1%83%D0%B7%D0%B5%D0%B9_%D0%9D%D0%90%D0%9D_%D0%A3%D0%BA%D1%80%D0%B0%D1%97%D0%BD%D0%B8,https://life.pravda.com.ua/culture/2022/10/18/250786/,50.4456594486,30.5142503541
https://linked4resilience.eu/data/cultural-sites/00159,Okhtyrka City Museum of Local Lore,"вулиця Незалежності, 10, Okhtyrka, Sumy Oblast, Ukraine, 42701",2022,,,https://pixelatedrealities.org/en/portfolio/museum-of-local-lore-okhtyrka/,50.3047455702,34.8929495424
https://linked4resilience.eu/data/cultural-sites/00065,"Holy Ascension Cathedral (All-Holy Church) in Izyum (built in 1826, completed in 1902-03)","Vulytsya Moskovsʹka, 30, Izyum, Kharkiv Oblast, 64300",2022-03-22,,https://uk.wikipedia.org/wiki/%D0%A1%D0%B2%D1%8F%D1%82%D0%BE-%D0%92%D0%BE%D0%B7%D0%BD%D0%B5%D1%81%D0%B5%D0%BD%D1%81%D1%8C%D0%BA%D0%B8%D0%B9_%D1%81%D0%BE%D0%B1%D0%BE%D1%80_(%D0%86%D0%B7%D1%8E%D0%BC),,49.2261684556,37.2840370991
https://linked4resilience.eu/data/cultural-sites/00122,Bakhmut Museum of Local Lore – Bakhmut,"Nezalezhnosti St, 26, Bakhmut, Donetsk Oblast, Ukraine, 84501",2022,Completely destroyed city/village,,,48.5971049441,37.999457508
https://linked4resilience.eu/data/cultural-sites/00026,Church St. Georgiy Pobidonosets in Irpin,"Vulytsya Popovycha, 2А, Irpin, Kyiv Oblast, 08200",2022-03-07,,https://uk.wikipedia.org/wiki/Георгіївська_церква_(Заворичі),https://news.church.ua/2022/03/19/vid-obstriliv-silnix-ushkodzhen-zaznav-xram-na-chest-vmch-georgiya-pobidonoscya-v-irpeni-video/#2024-04-22,50.4865286707,30.25728608
https://linked4resilience.eu/data/cultural-sites/00026,Church St. Georgiy Pobidonosets in Irpin,"Vulytsya Popovycha, 2А, Irpin, Kyiv Oblast, 08200",2022-03-07,,https://uk.wikipedia.org/wiki/Георгіївська_церква_(Заворичі),https://ui.org.ua/en/postcard/st-georges-church-2/,50.4865286707,30.25728608
https://linked4resilience.eu/data/cultural-sites/00009,Central City Library M. Kotsiubynsky,"Kyrponosa St, 22, Chernihiv, Chernihiv Oblast, Ukraine, 14000",2022-02-27,,https://uk.wikipedia.org/wiki/%D0%A7%D0%B5%D1%80%D0%BD%D1%96%D0%B3%D1%96%D0%B2%D1%81%D1%8C%D0%BA%D0%B0_%D1%86%D0%B5%D0%BD%D1%82%D1%80%D0%B0%D0%BB%D1%8C%D0%BD%D0%B0_%D0%BC%D1%96%D1%81%D1%8C%D0%BA%D0%B0_%D0%B1%D1%96%D0%B1%D0%BB%D1%96%D0%BE%D1%82%D0%B5%D0%BA%D0%B0_%D1%96%D0%BC%D0%B5%D0%BD%D1%96_%D0%9C._%D0%9C._%D0%9A%D0%BE%D1%86%D1%8E%D0%B1%D0%B8%D0%BD%D1%81%D1%8C%D0%BA%D0%BE%D0%B3%D0%BE,,51.4912992961,31.2941989867
https://linked4resilience.eu/data/cultural-sites/00191,"Residential building and Kovalevsky's outbuilding (1846 - late XIX century) where in 1897-1925 lived B.F. Verigo, physicist and professor (architectural monument of local importance) – Odesa","Hoholia St, 13, Odesa, Odes'ka oblast, 65000",2023,,,https://life.nv.ua/ukr/art/raketniy-udar-po-odesi-tri-zruynovani-pam-yatki-krim-spaso-preobrazhenskogo-soboru-foto-50341505.html,46.4891201115,30.7358203183
https://linked4resilience.eu/data/cultural-sites/00165,Mass grave of Soviet soldiers and Monument in Velyka Pysarivka village,"вул. Римського-Корсакова, Sumy, Sumy Oblast, Ukraine, 40000",2022,,https://uk.wikipedia.org/wiki/%D0%91%D1%80%D0%B0%D1%82%D1%81%D1%8C%D0%BA%D0%B0_%D0%BC%D0%BE%D0%B3%D0%B8%D0%BB%D0%B0_%D1%80%D0%B0%D0%B4%D1%8F%D0%BD%D1%81%D1%8C%D0%BA%D0%B8%D1%85_%D0%B2%D0%BE%D1%97%D0%BD%D1%96%D0%B2_%D1%82%D0%B0_%D0%BF%D0%B0%D0%BC%E2%80%99%D1%8F%D1%82%D0%BD%D0%B8%D0%BA_%D0%B2%D0%BE%D1%97%D0%BD%D0%B0%D0%BC-%D0%B7%D0%B5%D0%BC%D0%BB%D1%8F%D0%BA%D0%B0%D0%BC_(%D0%92%D0%B5%D0%BB%D0%B8%D0%BA%D0%B0_%D0%9F%D0%B8%D1%81%D0%B0%D1%80%D1%96%D0%B2%D0%BA%D0%B0),,50.914148041,34.82412283
https://linked4resilience.eu/data/cultural-sites/00210,Building of the Lviv National Agrarian University (architectural monument of local importance) – Dubliany,"Volodymyra Velykoho St, 1, Dubliany, Lviv Oblast, 80831",2024-01-01,,https://uk.wikipedia.org/wiki/%D0%9B%D1%8C%D0%B2%D1%96%D0%B2%D1%81%D1%8C%D0%BA%D0%B8%D0%B9_%D0%BD%D0%B0%D1%86%D1%96%D0%BE%D0%BD%D0%B0%D0%BB%D1%8C%D0%BD%D0%B8%D0%B9_%D1%83%D0%BD%D1%96%D0%B2%D0%B5%D1%80%D1%81%D0%B8%D1%82%D0%B5%D1%82_%D0%BF%D1%80%D0%B8%D1%80%D0%BE%D0%B4%D0%BE%D0%BA%D0%BE%D1%80%D0%B8%D1%81%D1%82%D1%83%D0%B2%D0%B0%D0%BD%D0%BD%D1%8F,https://bukinfo.com.ua/index.php/ukrajina/boyatsya-yak-vognyu-rashysty-vnochi-na-lvivshchyni-vluchyly-v-universytet-de-navchavsya-stepan-bandera-i-znyshchyly-muzey-generala-upa-romana-shuhevycha#google_vignette,49.8984162855,24.0916430847
https://linked4resilience.eu/data/cultural-sites/00044,Taras Shevchenko National University of Kyiv,"Volodymyrska St, 60, Kyiv, Ukraine, 01033",2022-10-10,,https://uk.wikipedia.org/wiki/%D0%9A%D0%B8%D1%97%D0%B2%D1%81%D1%8C%D0%BA%D0%B8%D0%B9_%D0%BD%D0%B0%D1%86%D1%96%D0%BE%D0%BD%D0%B0%D0%BB%D1%8C%D0%BD%D0%B8%D0%B9_%D1%83%D0%BD%D1%96%D0%B2%D0%B5%D1%80%D1%81%D0%B8%D1%82%D0%B5%D1%82_%D1%96%D0%BC%D0%B5%D0%BD%D1%96_%D0%A2%D0%B0%D1%80%D0%B0%D1%81%D0%B0_%D0%A8%D0%B5%D0%B2%D1%87%D0%B5%D0%BD%D0%BA%D0%B0,https://suspilne.media/culture/291562-u-kievi-vnaslidok-bombarduvan-poskodzeno-universitet-sevcenka-filarmoniu-i-dva-muzei/,50.4421570731,30.5111498951
https://linked4resilience.eu/data/cultural-sites/00044,Taras Shevchenko National University of Kyiv,"Volodymyrska St, 60, Kyiv, Ukraine, 01033",2022-10-10,,https://uk.wikipedia.org/wiki/%D0%9A%D0%B8%D1%97%D0%B2%D1%81%D1%8C%D0%BA%D0%B8%D0%B9_%D0%BD%D0%B0%D1%86%D1%96%D0%BE%D0%BD%D0%B0%D0%BB%D1%8C%D0%BD%D0%B8%D0%B9_%D1%83%D0%BD%D1%96%D0%B2%D0%B5%D1%80%D1%81%D0%B8%D1%82%D0%B5%D1%82_%D1%96%D0%BC%D0%B5%D0%BD%D1%96_%D0%A2%D0%B0%D1%80%D0%B0%D1%81%D0%B0_%D0%A8%D0%B5%D0%B2%D1%87%D0%B5%D0%BD%D0%BA%D0%B0,https://www.kyivpost.com/post/735,50.4421570731,30.5111498951
https://linked4resilience.eu/data/cultural-sites/00203,St. Catherine's Cathedral,"Perekopska St, 13, Kherson, Kherson Oblast, Ukraine, 73003",2023,,,https://www.radiosvoboda.org/a/news-herson-druhyj-obstril/32532212.html,46.6390091682,32.6255623595
https://linked4resilience.eu/data/cultural-sites/00211,Roman Shukhevych Memorial Museum – Bilohorshcha,"Bilohorshcha St, 76А, Lviv, Lviv Oblast, 79000",2024,,https://uk.wikipedia.org/wiki/%D0%9C%D0%B5%D0%BC%D0%BE%D1%80%D1%96%D0%B0%D0%BB%D1%8C%D0%BD%D0%B8%D0%B9_%D0%BC%D1%83%D0%B7%D0%B5%D0%B9_%D0%A0%D0%BE%D0%BC%D0%B0%D0%BD%D0%B0_%D0%A8%D1%83%D1%85%D0%B5%D0%B2%D0%B8%D1%87%D0%B0,https://www.lhm.lviv.ua/location/shuhevych.html,49.8449274631,23.9446456747
https://linked4resilience.eu/data/cultural-sites/00094,Church of Christ the Savior (Tserkva Khrysta Spasytelya),"Morskyi Blvd, 11, Mariupol, Donetsk Oblast, Ukraine, 87541",2022-03-11,,,https://dess.gov.ua/shchonaymenshe-116-sporud/,47.0980608824,37.6397284518
https://linked4resilience.eu/data/cultural-sites/00118,Palace of Culture – Kostyantynivka,"Victory Square, 8, Kostyantynivka, Donetsk Oblast, 85105",2023-02-14,,,https://glavcom.ua/country/incidents/na-donechchini-rosijska-raketa-vluchila-v-humanitarnij-punkt-foto-908516.html,48.512954898,37.6833276019
https://linked4resilience.eu/data/cultural-sites/00068,Former Palace of Culture for the railway workers in Kharkiv (Central House of Science and Technology of the Southern Railway),"Velyka Panasivska St, 83а, Kharkiv, Kharkiv Oblast, 61000",2022-08-18,,https://uk.wikipedia.org/wiki/%D0%9F%D0%B0%D0%BB%D0%B0%D1%86_%D0%BA%D1%83%D0%BB%D1%8C%D1%82%D1%83%D1%80%D0%B8_%C2%AB%D0%97%D0%B0%D0%BB%D1%96%D0%B7%D0%BD%D0%B8%D1%87%D0%BD%D0%B8%D0%BA%C2%BB,,50.0031503141,36.2052194673
https://linked4resilience.eu/data/cultural-sites/00130,Church of the Intercession – Opytne,"Kyivska St.. 2, Opytne, Donetsk Oblast, 84571",,"not sure https://www.google.com/maps/search/Church+of+the+Intercession+%E2%80%93+Opytne/@48.0964004,37.7141712,15.45z?hl=en&entry=ttu and Completely destroyed city/village",,,48.555369363,38.0175712787
https://linked4resilience.eu/data/cultural-sites/00138,Church of the Nativity in Severodonetsk,"Kosmonavtiv Ave, 23, Severodonetsk, Luhansk Oblast, Ukraine, 93400",2022,not found the year of construction ,https://uk.wikipedia.org/wiki/%D0%A1%D0%B2%D1%8F%D1%82%D0%BE-%D0%A5%D1%80%D0%B8%D1%81%D1%82%D0%BE-%D0%A0%D1%96%D0%B7%D0%B4%D0%B2%D1%8F%D0%BD%D0%B8%D0%B9_%D0%BA%D0%B0%D1%84%D0%B5%D0%B4%D1%80%D0%B0%D0%BB%D1%8C%D0%BD%D0%B8%D0%B9_%D1%81%D0%BE%D0%B1%D0%BE%D1%80_(%D0%A1%D1%94%D0%B2%D1%94%D1%80%D0%BE%D0%B4%D0%BE%D0%BD%D0%B5%D1%86%D1%8C%D0%BA),https://risu.ua/u-syevyerodonecku-orki-obstrilyali-hristo-rizdvyanij-kafedralnij-sobor_n127346,48.9416146401,38.5153895607
https://linked4resilience.eu/data/cultural-sites/00136,"Church in honor of the Icon of the Mother of God ""Joy of All Who Sorrow"" in Sverodonets","Yegorova 2, Sievierodonetsk, Luhansk Oblast, 93400",2022,not found the date of building,,https://sobor.com.ua/news/u-syevyerodonecku,48.9566949492,38.4919954581
https://linked4resilience.eu/data/cultural-sites/00145,Church of the Pochayiv Icon of the Mother of God – Rubizhne,"Rubizhne, Luhansk region, 93000",2022,"the news says that the temple was damaged due to shelling, but I can’t find photo evidence",,,48.9866372535,38.4051822343
https://linked4resilience.eu/data/cultural-sites/00088,"Historical and Architectural Museum ""Popov Manor"" (Historical and architectural museum reserve ""Sadyba Popova"", complex of the 19th century) ","Haharina St, 12, Vasylivka, Zaporizhia Oblast, Ukraine, 71600",2022-03-07,,https://uk.wikipedia.org/wiki/%D0%A1%D0%B0%D0%B4%D0%B8%D0%B1%D0%B0_%D0%9F%D0%BE%D0%BF%D0%BE%D0%B2%D0%B0,,47.4703945073,35.2806424421
https://linked4resilience.eu/data/cultural-sites/00201,Kherson Academic Regional Puppet Theater,"Universytets'ka St, 8, Kherson, Kherson Oblast, Ukraine, 73013",2023,,,https://www.pravda.com.ua/news/2023/01/17/7385259/,46.6461492095,32.6315949982
https://linked4resilience.eu/data/cultural-sites/00115,Holy Assumption St. Nicholas-Vasilyevsky Monastery – Mykil's'ke,"Т0509, Mykil's'ke, Donetsk Oblast, Ukraine, 85720",2022-03,,https://uk.wikipedia.org/wiki/%D0%92%D0%B0%D1%81%D0%B8%D0%BB%D1%96%D0%B2%D1%81%D1%8C%D0%BA%D0%B8%D0%B9_%D1%87%D0%BE%D0%BB%D0%BE%D0%B2%D1%96%D1%87%D0%B8%D0%B9_%D0%BC%D0%BE%D0%BD%D0%B0%D1%81%D1%82%D0%B8%D1%80,,47.7493243808,37.3027869448
https://linked4resilience.eu/data/cultural-sites/00002,Church of St. Theodosius,"Yatsevo Cemetery (next to the entrance), Chernihiv, Chernihiv Oblast, Ukraine, 14000",2022-03-13,The first church in Chernihiv. Was partially destroyed by shelling and fire during the fight for Chernihiv,https://uk.wikipedia.org/wiki/%D0%A6%D0%B5%D1%80%D0%BA%D0%B2%D0%B0_%D1%81%D0%B2%D1%8F%D1%82%D0%B8%D1%82%D0%B5%D0%BB%D1%8F_%D0%A4%D0%B5%D0%BE%D0%B4%D0%BE%D1%81%D1%96%D1%8F_(%D0%A7%D0%B5%D1%80%D0%BD%D1%96%D0%B3%D1%96%D0%B2),,51.5333489,31.3653939
https://linked4resilience.eu/data/cultural-sites/00010,Chernihiv Regional Art Museum,"Muzeina St, 6, Chernihiv, Chernihiv Oblast, Ukraine, 14006",2022-03-06,,https://uk.wikipedia.org/wiki/%D0%A7%D0%B5%D1%80%D0%BD%D1%96%D0%B3%D1%96%D0%B2%D1%81%D1%8C%D0%BA%D0%B8%D0%B9_%D0%BE%D0%B1%D0%BB%D0%B0%D1%81%D0%BD%D0%B8%D0%B9_%D1%85%D1%83%D0%B4%D0%BE%D0%B6%D0%BD%D1%96%D0%B9_%D0%BC%D1%83%D0%B7%D0%B5%D0%B9_%D1%96%D0%BC%D0%B5%D0%BD%D1%96_%D0%93%D1%80%D0%B8%D0%B3%D0%BE%D1%80%D1%96%D1%8F_%D0%93%D0%B0%D0%BB%D0%B0%D0%B3%D0%B0%D0%BD%D0%B0,,51.4914424453,31.3099137118
https://linked4resilience.eu/data/cultural-sites/00021,The Irpin Bible Seminary,"Heroiv St, 33, Irpin, Kyiv Oblast, Ukraine, 08200",2022-03-20,"No Wikipedia page,",,"https://en.religiononfire.mar.in.ua/wiki/Irpin_Bible_Seminary_of_the_Evangelical_Christian-Baptists,_Irpin,_Kyiv_oblast",50.5286035957,30.2619749155
https://linked4resilience.eu/data/cultural-sites/00021,The Irpin Bible Seminary,"Heroiv St, 33, Irpin, Kyiv Oblast, Ukraine, 08200",2022-03-20,"No Wikipedia page,",,https://www.slavicsac.com/2022/06/04/irpin-bible-seminary-in-ukraine-attacked-by-russian-military-forces/#google_vignette,50.5286035957,30.2619749155
https://linked4resilience.eu/data/cultural-sites/00045,Teacher’s House – Kyiv,"Volodymyrska St, 57, Kyiv, 02000",2022-10-10,,https://uk.wikipedia.org/wiki/%D0%9A%D0%B8%D1%97%D0%B2%D1%81%D1%8C%D0%BA%D0%B8%D0%B9_%D0%BC%D1%96%D1%81%D1%8C%D0%BA%D0%B8%D0%B9_%D0%B1%D1%83%D0%B4%D0%B8%D0%BD%D0%BE%D0%BA_%D1%83%D1%87%D0%B8%D1%82%D0%B5%D0%BB%D1%8F,https://zmina.info/news/u-stolyczi-vidnovyly-sklyanyj-kupol-budynku-vchytelya-yakyj-buv-poshkodzhenyj-vybuhom/,50.4448788176,30.5139292753
https://linked4resilience.eu/data/cultural-sites/00190,"The ensemble of the Brzozowski (""Shah"") Palace, including the palace, services, and private residence, 1851-1852 (architectural monument of local importance)","Hoholia St, 2, Odesa, Odesa Oblast, Ukraine, 65000",2023-07-23,,"https://uk.wikipedia.org/wiki/%D0%9F%D0%B0%D0%BB%D0%B0%D1%86_%D0%91%D0%B6%D0%BE%D0%B7%D0%BE%D0%B2%D1%81%D1%8C%D0%BA%D0%BE%D0%B3%D0%BE#:~:text=%D0%9F%D0%B0%D0%BB%D0%B0%D1%86%20%D0%91%D0%B6%D0%BE%D0%B7%D0%BE%D0%B2%D1%81%D1%8C%D0%BA%D0%BE%D0%B3%D0%BE%20(%D0%A8%D0%B0%D1%85%D1%81%D1%8C%D0%BA%D0%B8%D0%B9%20%D0%BF%D0%B0%D0%BB%D0%B0%D1%86)%20%E2%80%94,%D0%BF%D1%80%D0%BE%D1%94%D0%BA%D1%82%D0%BE%D0%BC%20%D0%BF%D0%BE%D0%BB%D1%8C%D1%81%D1%8C%D0%BA%D0%BE%D0%B3%D0%BE%20%D0%B0%D1%80%D1%85%D1%96%D1%82%D0%B5%D0%BA%D1%82%D0%BE%D1%80%D0%B0%20%D0%A4%D0%B5%D0%BB%D1%96%D0%BA%D1%81%D0%B0%20%D2%90%D0%BE%D0%BD%D1%81%D1%8C%D0%BE%D1%80%D0%BE%D0%B2%D1%81%D1%8C%D0%BA%D0%BE%D0%B3%D0%BE.",,46.4909102009,30.7351649135
https://linked4resilience.eu/data/cultural-sites/00039,Holy Ascension Church – Luk'yanivka," C100107, Lukyanivka, Kyiv region, Ukraine, 07511",2022-03-25,,https://uk.wikipedia.org/wiki/%D0%A5%D1%80%D0%B0%D0%BC_%D0%92%D0%BE%D0%B7%D0%BD%D0%B5%D1%81%D1%96%D0%BD%D0%BD%D1%8F_%D0%93%D0%BE%D1%81%D0%BF%D0%BE%D0%B4%D0%BD%D1%8C%D0%BE%D0%B3%D0%BE_(%D0%9B%D1%83%D0%BA%27%D1%8F%D0%BD%D1%96%D0%B2%D0%BA%D0%B0),https://ui.org.ua/postcard/hram-voznesinnya-gospodnogo/,50.4958127376,31.3760329411
https://linked4resilience.eu/data/cultural-sites/00206,The Jubilee Concert Hall,"вулиця Перекопська, 11, Херсон, Херсонська область, 73009",2022,,https://uk.wikipedia.org/wiki/%D0%9A%D1%96%D0%BD%D0%BE%D0%BA%D0%BE%D0%BD%D1%86%D0%B5%D1%80%D1%82%D0%BD%D0%B8%D0%B9_%D0%B7%D0%B0%D0%BB_%C2%AB%D0%AE%D0%B2%D1%96%D0%BB%D0%B5%D0%B9%D0%BD%D0%B8%D0%B9%C2%BB_(%D0%A5%D0%B5%D1%80%D1%81%D0%BE%D0%BD),,46.6389809908,32.6225341693
https://linked4resilience.eu/data/cultural-sites/00086,Kharkiv Kotlyarevsky National University of Arts (architectural monument of local importance) – Kharkiv,"Konstytutsii Square, 11, Kharkiv, Kharkiv Oblast, Ukraine, 61000",,,https://uk.wikipedia.org/wiki/%D0%A5%D0%B0%D1%80%D0%BA%D1%96%D0%B2%D1%81%D1%8C%D0%BA%D0%B8%D0%B9_%D0%BD%D0%B0%D1%86%D1%96%D0%BE%D0%BD%D0%B0%D0%BB%D1%8C%D0%BD%D0%B8%D0%B9_%D1%83%D0%BD%D1%96%D0%B2%D0%B5%D1%80%D1%81%D0%B8%D1%82%D0%B5%D1%82_%D0%BC%D0%B8%D1%81%D1%82%D0%B5%D1%86%D1%82%D0%B2_%D1%96%D0%BC%D0%B5%D0%BD%D1%96_%D0%86%D0%B2%D0%B0%D0%BD%D0%B0_%D0%9A%D0%BE%D1%82%D0%BB%D1%8F%D1%80%D0%B5%D0%B2%D1%81%D1%8C%D0%BA%D0%BE%D0%B3%D0%BE,,49.9912034266,36.2321289412
https://linked4resilience.eu/data/cultural-sites/00087,Church of St. Tikhon of Zadonsky,"Hulyaipole, Zaporizhia Oblast, 70201",2022-03-08,location is wrong?,"https://uk.wikipedia.org/wiki/%D0%A5%D1%80%D0%B0%D0%BC_%D0%A1%D0%B2%D1%8F%D1%82%D0%BE%D0%B3%D0%BE_%D0%A2%D0%B8%D1%85%D0%BE%D0%BD%D0%B0_%D0%97%D0%B0%D0%B4%D0%BE%D0%BD%D1%81%D1%8C%D0%BA%D0%BE%D0%B3%D0%BE_(%D0%93%D1%83%D0%BB%D1%8F%D0%B9%D0%BF%D0%BE%D0%BB%D0%B5)#:~:text=%D0%A6%D0%B5%D1%80%D0%BA%D0%B2%D0%B0%20%D0%A1%D0%B2%D1%8F%D1%82%D0%BE%D0%B3%D0%BE%20%D0%A2%D0%B8%D1%85%D0%BE%D0%BD%D0%B0%20%D0%97%D0%B0%D0%B4%D0%BE%D0%BD%D1%81%D1%8C%D0%BA%D0%BE%D0%B3%D0%BE%20%E2%80%94%20%D1%87%D0%B8%D0%BD%D0%BD%D0%B0,%D0%B0%D1%80%D0%BC%D1%96%D1%97%20%D1%83%20%D0%B1%D0%B5%D1%80%D0%B5%D0%B7%D0%BD%D1%96%202022%20%D1%80%D0%BE%D0%BA%D1%83.",,47.6622713128,36.280880337
https://linked4resilience.eu/data/cultural-sites/00149,Palace of Culture – Rubizhne,"Volodymyrska 1, Rubizhne, Luhansk Oblast, 93000",2023,,,https://tribun.com.ua/uk/103700-palats-kulturi-v-rubizhnomu-zjavilisja-svizhi-foto,49.0333429972,38.3708131581
https://linked4resilience.eu/data/cultural-sites/00007,St. Kazan Church,"Kotsyubyns'koho St, 5, Chernihiv, Chernihiv Oblast, Ukraine, 14000",2022-03-07,,https://uk.wikipedia.org/wiki/%D0%A1%D0%B2%D1%8F%D1%82%D0%BE-%D0%9A%D0%B0%D0%B7%D0%B0%D0%BD%D1%81%D1%8C%D0%BA%D0%B0_%D1%86%D0%B5%D1%80%D0%BA%D0%B2%D0%B0_(%D0%A7%D0%B5%D1%80%D0%BD%D1%96%D0%B3%D1%96%D0%B2),,51.4877821497,31.2881894848
https://linked4resilience.eu/data/cultural-sites/00004,Chernihiv regional library for Youth,"Shevchenka Street, 63, Chernihiv, Chernihiv Oblast, Ukraine, 14039",2022-03-11,Chernihiv regional library for Youth. It was formerly known as Vasyl Tarnovsky Museum of Ukrainian Antiquities.,,,51.5028060067,31.3254843411
https://linked4resilience.eu/data/cultural-sites/00011,House of Culture – Ivanivka,"Druzhby St, 33A, Ivanivka, Chernihiv Oblast, 15562",2022-05,The Wikipedia page said it is in Ivanovo.,,,51.3768158802,31.2917023668
https://linked4resilience.eu/data/cultural-sites/00127,Palace of Culture – Chasiv Yar,"1 st. Komsomolska, Chasiv Yar, Donetsk Oblast, 84551",2023,difference in name and Completely destroyed city/village,,https://www.pravda.com.ua/eng/news/2023/07/23/7412555/,48.5881673195,37.8369838827
https://linked4resilience.eu/data/cultural-sites/00008,"Voskresenska Church, Lukashivka","Lukashivka, Chernihiv Oblast, Ukraine, 15560",2022-03,,,,51.3858078276,31.3912379136
https://linked4resilience.eu/data/cultural-sites/00057,Memorial Complex of Glory in Kharkiv,"Kharkivske Hwy, Kharkiv, Kharkiv Oblast, Ukraine, 61000",2022-03-24,,,https://atn.ua/kharkiv/u-kharkovi-okupanty-obstrilialy-memorial-slavy-366832/,50.0385834608,36.2647607258
https://linked4resilience.eu/data/cultural-sites/00083,"Historical and Archaeological Museum-Reserve ""Verkhnii Saltiv"" – Verkhnii Saltiv","Verkhnii Saltiv, Kharkiv Oblast, 62535",2022,,https://uk.wikipedia.org/wiki/%D0%86%D1%81%D1%82%D0%BE%D1%80%D0%B8%D0%BA%D0%BE-%D0%B0%D1%80%D1%85%D0%B5%D0%BE%D0%BB%D0%BE%D0%B3%D1%96%D1%87%D0%BD%D0%B8%D0%B9_%D0%BC%D1%83%D0%B7%D0%B5%D0%B9%E2%80%93%D0%B7%D0%B0%D0%BF%D0%BE%D0%B2%D1%96%D0%B4%D0%BD%D0%B8%D0%BA_%C2%AB%D0%92%D0%B5%D1%80%D1%85%D0%BD%D1%96%D0%B9_%D0%A1%D0%B0%D0%BB%D1%82%D1%96%D0%B2%C2%BB_%D1%96%D0%BC%D0%B5%D0%BD%D1%96_%D0%92._%D0%9E._%D0%91%D0%B0%D0%B1%D0%B5%D0%BD%D0%BA%D0%B0,,50.1266423865,36.8000135792
https://linked4resilience.eu/data/cultural-sites/00019,Old church (Tserkva Heorhiyivsʹka) in Zavorychi village of Kyiv region,"Kirova 57, Zavorychi, Brovary Raion, Kyiv Oblast, Ukraine.",2022-03-07,,https://uk.wikipedia.org/wiki/%D0%93%D0%B5%D0%BE%D1%80%D0%B3%D1%96%D1%97%D0%B2%D1%81%D1%8C%D0%BA%D0%B0_%D1%86%D0%B5%D1%80%D0%BA%D0%B2%D0%B0_(%D0%97%D0%B0%D0%B2%D0%BE%D1%80%D0%B8%D1%87%D1%96),https://ui.org.ua/postcard/st-georges-church/,50.7042498289,31.1509406217
https://linked4resilience.eu/data/cultural-sites/00019,Old church (Tserkva Heorhiyivsʹka) in Zavorychi village of Kyiv region,"Kirova 57, Zavorychi, Brovary Raion, Kyiv Oblast, Ukraine.",2022-03-07,,https://uk.wikipedia.org/wiki/%D0%93%D0%B5%D0%BE%D1%80%D0%B3%D1%96%D1%97%D0%B2%D1%81%D1%8C%D0%BA%D0%B0_%D1%86%D0%B5%D1%80%D0%BA%D0%B2%D0%B0_(%D0%97%D0%B0%D0%B2%D0%BE%D1%80%D0%B8%D1%87%D1%96),https://www.ukrinform.ua/rubric-regions/3494326-rosiani-nisat-nasi-hrami-bo-ce-dla-nih-cuza-ne-ihna-zemla.html,50.7042498289,31.1509406217
https://linked4resilience.eu/data/cultural-sites/00162,Okhtyrka City Council (building of the 20th century),"вулиця Незалежності, 11, Okhtyrka, Sumy Oblast, Ukraine, 42700",2022,,https://uk.wikipedia.org/wiki/%D0%9E%D1%85%D1%82%D0%B8%D1%80%D1%81%D1%8C%D0%BA%D0%B0_%D0%BC%D1%96%D1%81%D1%8C%D0%BA%D0%B0_%D1%80%D0%B0%D0%B4%D0%B0,,50.3045046657,34.8934802964
https://linked4resilience.eu/data/cultural-sites/00096,Our Lady of Kazan Orthodox Cathedral in Marinka,"St. Zavodskaya, 4, Marinka, Donetsk Oblast, Ukraine, 85600",2022,Name from dataset is different from searching result (D column),https://uk.wikipedia.org/wiki/%D0%9C%D0%B0%D1%80%27%D1%97%D0%BD%D0%BA%D0%B0,https://www.wikiwand.com/en/Marinka%2C_Ukraine,47.9383388593,37.5026170126
https://linked4resilience.eu/data/cultural-sites/00183,Transfiguration Cathedral,"Soborna Square, 3, Odesa, Odes'ka oblast, Ukraine, 65000",2023,,https://uk.wikipedia.org/wiki/%D0%A1%D0%BF%D0%B0%D1%81%D0%BE-%D0%9F%D1%80%D0%B5%D0%BE%D0%B1%D1%80%D0%B0%D0%B6%D0%B5%D0%BD%D1%81%D1%8C%D0%BA%D0%B8%D0%B9_%D0%BA%D0%B0%D1%84%D0%B5%D0%B4%D1%80%D0%B0%D0%BB%D1%8C%D0%BD%D0%B8%D0%B9_%D1%81%D0%BE%D0%B1%D0%BE%D1%80_(%D0%9E%D0%B4%D0%B5%D1%81%D0%B0),,46.4834229724,30.7304843707
https://linked4resilience.eu/data/cultural-sites/00061,Kharkiv school No 7 (built in 1906-07),"Baturynska St, 25, Kharkiv, Kharkiv Oblast, 61000",2022-03-02,,,,49.9737377749,36.2300957036
https://linked4resilience.eu/data/cultural-sites/00135,St. Catherine's Church ,"Donets'ka St, Schastia, Luhansk Oblast, Ukraine, 91480",2022,,https://uk.wikipedia.org/wiki/%D0%A6%D0%B5%D1%80%D0%BA%D0%B2%D0%B0_%D0%A1%D0%B2%D1%8F%D1%82%D0%BE%D1%97_%D0%9A%D0%B0%D1%82%D0%B5%D1%80%D0%B8%D0%BD%D0%B8_(%D0%A9%D0%B0%D1%81%D1%82%D1%8F),https://web.archive.org/web/20220307194021/https://vesti.ua/strana/rossijskaya-armiya-razrushila-102-letnij-svyato-ekaterininskij-hram-v-schaste,48.7325608953,39.2396535308
https://linked4resilience.eu/data/cultural-sites/00084,Church of the Smolensk icon of the Mother of God – Kharkiv,"Iskrynska St, 37, Kharkiv, Kharkiv Oblast, 61000",2022-03-17,,,https://suspilne.media/kharkiv/218498-vnaslidok-obstriliv-rosijskih-okupantiv-poskodzenij-hram-na-holodnij-gori-u-harkovi/,49.9952970835,36.2673986719
https://linked4resilience.eu/data/cultural-sites/00179,Odesa Archaeological Museum,"Lanzheronivs'ka St, 4, Odesa, Odesa Oblast, Ukraine, 65026",2023,,https://uk.wikipedia.org/wiki/%D0%9E%D0%B4%D0%B5%D1%81%D1%8C%D0%BA%D0%B8%D0%B9_%D0%B0%D1%80%D1%85%D0%B5%D0%BE%D0%BB%D0%BE%D0%B3%D1%96%D1%87%D0%BD%D0%B8%D0%B9_%D0%BC%D1%83%D0%B7%D0%B5%D0%B9,,46.4853237651,30.7439517405
https://linked4resilience.eu/data/cultural-sites/00131,St. George's Church – Oleksandro-Shul'tyne,"85162, Oleksandro-Shul'tyne, Donetsk Oblast",2023-08-04,,,https://suspilne.media/donbas/565351-na-doneccini-obstrilom-ponivecenij-svato-georgievskij-hram-akomu-200-rokiv-so-vidomo-cerkvu-ta-aki-rujnuvanna/,48.4831821532,37.8268056534
https://linked4resilience.eu/data/cultural-sites/00018,"Voznesens'ka Tserkva, Church of the Ascension","Luk'yanivka, Kyiv Oblast, 07511",2022-03-25,,https://uk.m.wikipedia.org/wiki/%D0%A5%D1%80%D0%B0%D0%BC_%D0%92%D0%BE%D0%B7%D0%BD%D0%B5%D1%81%D1%96%D0%BD%D0%BD%D1%8F_%D0%93%D0%BE%D1%81%D0%BF%D0%BE%D0%B4%D0%BD%D1%8C%D0%BE%D0%B3%D0%BE_(%D0%9B%D1%83%D0%BA%27%D1%8F%D0%BD%D1%96%D0%B2%D0%BA%D0%B0),,50.5135012964,31.4609500716
https://linked4resilience.eu/data/cultural-sites/00055,"Building of the former ""Palace of Labor""","Konstytutsii Square, 1, Kharkiv, Kharkiv Oblast, 61000",2022-03-03,,https://uk.wikipedia.org/wiki/%D0%9F%D0%B0%D0%BB%D0%B0%D1%86_%D0%BF%D1%80%D0%B0%D1%86%D1%96,,49.989451144,36.2356700114
https://linked4resilience.eu/data/cultural-sites/00080,Building of the Kharkiv National Technical University of Agriculture named after. P. Vasylenko,"Alchevskyh St, 44, Kharkiv, Kharkiv Oblast, Ukraine, 61002",2022-07-29,,https://uk.wikipedia.org/wiki/%D0%A5%D0%B0%D1%80%D0%BA%D1%96%D0%B2%D1%81%D1%8C%D0%BA%D0%B8%D0%B9_%D0%BD%D0%B0%D1%86%D1%96%D0%BE%D0%BD%D0%B0%D0%BB%D1%8C%D0%BD%D0%B8%D0%B9_%D1%82%D0%B5%D1%85%D0%BD%D1%96%D1%87%D0%BD%D0%B8%D0%B9_%D1%83%D0%BD%D1%96%D0%B2%D0%B5%D1%80%D1%81%D0%B8%D1%82%D0%B5%D1%82_%D1%81%D1%96%D0%BB%D1%8C%D1%81%D1%8C%D0%BA%D0%BE%D0%B3%D0%BE_%D0%B3%D0%BE%D1%81%D0%BF%D0%BE%D0%B4%D0%B0%D1%80%D1%81%D1%82%D0%B2%D0%B0_%D1%96%D0%BC%D0%B5%D0%BD%D1%96_%D0%9F%D0%B5%D1%82%D1%80%D0%B0_%D0%92%D0%B0%D1%81%D0%B8%D0%BB%D0%B5%D0%BD%D0%BA%D0%B0,,50.0067492027,36.2458638928
https://linked4resilience.eu/data/cultural-sites/00105,Central City Library V.G.Korolenko in Mariupol,"Hrets'ka St, 43, Mariupol, Donetsk Oblast, Ukraine, 87515",2022-04-22,,,https://suspilne.media/culture/511695-rosiani-znisili-budivlu-biblioteki-im-korolenka-v-timcasovo-okupovanomu-mariupoli/,47.0953752197,37.554072
https://linked4resilience.eu/data/cultural-sites/00125,Evangelical Christian Baptist House of Prayer – Bakhmut,"Evangelical church, ул. Горького, 26, Bakhmut, Donetsk Oblast, Ukraine, 84501",2022,Completely destroyed city/village,,,48.5936008846,38.0147355969
https://linked4resilience.eu/data/cultural-sites/00041,"National Palace of Arts ""Ukraina"" – Kyiv ","Velyka Vasylkivska St, 103, Kyiv, Ukraine, 03150",2022-12-31,,https://uk.wikipedia.org/wiki/%D0%9D%D0%B0%D1%86%D1%96%D0%BE%D0%BD%D0%B0%D0%BB%D1%8C%D0%BD%D0%B8%D0%B9_%D0%BF%D0%B0%D0%BB%D0%B0%D1%86_%D0%BC%D0%B8%D1%81%D1%82%D0%B5%D1%86%D1%82%D0%B2_%C2%AB%D0%A3%D0%BA%D1%80%D0%B0%D1%97%D0%BD%D0%B0%C2%BB,https://apostrophe.ua/ua/news/kyiv/podii/2022-12-31/eto-terror-kak-vyiglyadit-dvorets-ukraina-posle-obstrela-31-dekabrya-foto/287354,50.4225942388,30.5212028383
https://linked4resilience.eu/data/cultural-sites/00150,Building of the Lysychansk State Mining and Industrial College – Lysychansk,"Prospekt Peremohy, 84, Lysychans'k, Luhansk Oblast, Ukraine, 93100",2022,,https://uk.wikipedia.org/wiki/%D0%9B%D0%B8%D1%81%D0%B8%D1%87%D0%B0%D0%BD%D1%81%D1%8C%D0%BA%D0%B8%D0%B9_%D0%B4%D0%B5%D1%80%D0%B6%D0%B0%D0%B2%D0%BD%D0%B8%D0%B9_%D0%B3%D1%96%D1%80%D0%BD%D0%B8%D1%87%D0%BE-%D1%96%D0%BD%D0%B4%D1%83%D1%81%D1%82%D1%80%D1%96%D0%B0%D0%BB%D1%8C%D0%BD%D0%B8%D0%B9_%D0%BA%D0%BE%D0%BB%D0%B5%D0%B4%D0%B6,https://pragmatika.media/en/news/vtrachena-pam-iatka-lysychanskyi-hirnycho-industrialnyi-fakhovyi-koledzh/,48.91355603,38.4206625675
https://linked4resilience.eu/data/cultural-sites/00163,"Locomotive depot ""Smorodyne"" (building 1877)","Trostyanets', Sumy Oblast, 42600",2022,,https://uk.wikipedia.org/wiki/%D0%A2%D1%80%D0%BE%D1%81%D1%82%D1%8F%D0%BD%D0%B5%D1%86%D1%8C-%D0%A1%D0%BC%D0%BE%D1%80%D0%BE%D0%B4%D0%B8%D0%BD%D0%B5,,50.4823048639,34.9684929423
https://linked4resilience.eu/data/cultural-sites/00189,"The ensemble of the Brzozowski (""Shah"") Palace, including the palace, services, and private residence, 1851-1852 (architectural monument of local importance) – Odesa","Hoholia St, 2, Odesa, Odesa Oblast, 65000",2023-07-23,,"https://uk.wikipedia.org/wiki/%D0%9F%D0%B0%D0%BB%D0%B0%D1%86_%D0%91%D0%B6%D0%BE%D0%B7%D0%BE%D0%B2%D1%81%D1%8C%D0%BA%D0%BE%D0%B3%D0%BE#:~:text=%D0%9F%D0%B0%D0%BB%D0%B0%D1%86%20%D0%91%D0%B6%D0%BE%D0%B7%D0%BE%D0%B2%D1%81%D1%8C%D0%BA%D0%BE%D0%B3%D0%BE%20(%D0%A8%D0%B0%D1%85%D1%81%D1%8C%D0%BA%D0%B8%D0%B9%20%D0%BF%D0%B0%D0%BB%D0%B0%D1%86)%20%E2%80%94,%D0%BF%D1%80%D0%BE%D1%94%D0%BA%D1%82%D0%BE%D0%BC%20%D0%BF%D0%BE%D0%BB%D1%8C%D1%81%D1%8C%D0%BA%D0%BE%D0%B3%D0%BE%20%D0%B0%D1%80%D1%85%D1%96%D1%82%D0%B5%D0%BA%D1%82%D0%BE%D1%80%D0%B0%20%D0%A4%D0%B5%D0%BB%D1%96%D0%BA%D1%81%D0%B0%20%D2%90%D0%BE%D0%BD%D1%81%D1%8C%D0%BE%D1%80%D0%BE%D0%B2%D1%81%D1%8C%D0%BA%D0%BE%D0%B3%D0%BE.",,46.4909545196,30.7352507428
https://linked4resilience.eu/data/cultural-sites/00144,"Popasna Railway station (architectural monument of local significance, built in 1878-93) – Popasna","Popasna, Luhansk Oblast, Ukraine, 93303",2022,,https://uk.wikipedia.org/wiki/%D0%9F%D0%BE%D0%BF%D0%B0%D1%81%D0%BD%D0%B0_(%D1%81%D1%82%D0%B0%D0%BD%D1%86%D1%96%D1%8F),https://www.railinsider.com.ua/okupanty-poshkodyly-zaliznychnyj-vokzal-u-popasnij/,48.6305027235,38.3803295767
https://linked4resilience.eu/data/cultural-sites/00187,Building of Passage and hotel “passage” (architectural monument of local importance) – Odesa,"Preobrazhens'ka St, 34, Odesa, Odes'ka oblast, 65000",2023-07-23,,https://uk.wikipedia.org/wiki/%D0%9F%D0%B0%D1%81%D0%B0%D0%B6_(%D0%9E%D0%B4%D0%B5%D1%81%D0%B0),,46.4843410061,30.732881996
https://linked4resilience.eu/data/cultural-sites/00198,"Gagarin's apartment building, late XIX century (architectural monument of local importance) – Odesa","Katerynyns'ka St, 2, Odesa, Odes'ka oblast, 65000",2023,,,https://birdinflight.com/architectura-uk/ataka-na-istorichnij-tsentr-odesi.html,46.4870208614,30.738101921
https://linked4resilience.eu/data/cultural-sites/00107,St. Nicholas Church – Lyman,"Lyman, Donetsk Oblast, 84400",2022-05,,,"https://en.religiononfire.mar.in.ua/wiki/Church_of_Saint_Nicholas_the_Wonderworker,_Lyman,_Donetsk_oblast",49.0286268684,37.9706686329
https://linked4resilience.eu/data/cultural-sites/00090,Zaporizhzhya-ii Railway station (architectural monument of local significance built in 1904) – Zaporizhzhya,"Zaporizhzhia, Zaporizhia Oblast, Ukraine, 69000",2022-03-16,,,https://suspilne.media/zaporizhzhia/353974-12-kulturnih-pamatok-poskodzeno-u-zaporizkij-oblasti-vnaslidok-vijni-unesko/,47.8206534556,35.18534787
https://linked4resilience.eu/data/cultural-sites/00091,Svyatogorsk Holy Dormition Lavra ,"Vul. Zarichna, 3, Svyatohirs'k, Donetsk Oblast, Ukraine, 84131",2022-03-12,,https://uk.wikipedia.org/wiki/%D0%A1%D0%B2%D1%8F%D1%82%D0%BE-%D0%A3%D1%81%D0%BF%D0%B5%D0%BD%D1%81%D1%8C%D0%BA%D0%B0_%D0%A1%D0%B2%D1%8F%D1%82%D0%BE%D0%B3%D1%96%D1%80%D1%81%D1%8C%D0%BA%D0%B0_%D0%BB%D0%B0%D0%B2%D1%80%D0%B0,,49.0283046361,37.5675698405
https://linked4resilience.eu/data/cultural-sites/00075,St. Andrew's Church – Kharkiv,"Seminarska St, 22, Kharkiv, Kharkivs'ka oblast, 61000",2022-03-09,,,https://suspilne.media/kharkiv/219305-cerkva-na-vijni-ak-pracuut-svasennosluziteli-harkivsini/,49.9828704307,36.1979802865
https://linked4resilience.eu/data/cultural-sites/00081,"House of Culture ""Zaliznychnik"" (built in 1926) – Izyum","Izyum, Kharkiv Oblast, Ukraine, 64306",2022-03,,https://uk.wikipedia.org/wiki/%D0%9F%D0%B0%D0%BB%D0%B0%D1%86_%D0%BA%D1%83%D0%BB%D1%8C%D1%82%D1%83%D1%80%D0%B8_%C2%AB%D0%97%D0%B0%D0%BB%D1%96%D0%B7%D0%BD%D0%B8%D1%87%D0%BD%D0%B8%D0%BA%C2%BB_(%D0%86%D0%B7%D1%8E%D0%BC),,49.2201443375,37.29873692
https://linked4resilience.eu/data/cultural-sites/00123,Church of Our Lady of the Holy Rosary – Bakhmut,"Bakhmut, Donetsk Oblast, Ukraine, 84501",2023,Completely destroyed city/village,,,48.597159328,38.0016303258
https://linked4resilience.eu/data/cultural-sites/00038,Khanenko Museum – Kyiv,"Vulytsya Tereshchenkivsʹka, 15, Kyiv, Ukraine, 01004",2022-10-10,,https://uk.wikipedia.org/wiki/%D0%9D%D0%B0%D1%86%D1%96%D0%BE%D0%BD%D0%B0%D0%BB%D1%8C%D0%BD%D0%B8%D0%B9_%D0%BC%D1%83%D0%B7%D0%B5%D0%B9_%D0%BC%D0%B8%D1%81%D1%82%D0%B5%D1%86%D1%82%D0%B2_%D1%96%D0%BC%D0%B5%D0%BD%D1%96_%D0%91%D0%BE%D0%B3%D0%B4%D0%B0%D0%BD%D0%B0_%D1%82%D0%B0_%D0%92%D0%B0%D1%80%D0%B2%D0%B0%D1%80%D0%B8_%D0%A5%D0%B0%D0%BD%D0%B5%D0%BD%D0%BA%D1%96%D0%B2,https://www.codart.nl/museums/khanenko-art-museum-in-kyiv-damaged-in-missile-strike/,50.4412806961,30.5144519234
https://linked4resilience.eu/data/cultural-sites/00192,"Zabludowski's apartment building with an outbuilding, 1890, 1906 (architectural monument of local importance) – Odesa","Hoholia St, 14, Odesa, Odes'ka oblast, 65000",2023,,,https://life.nv.ua/ukr/art/raketniy-udar-po-odesi-tri-zruynovani-pam-yatki-krim-spaso-preobrazhenskogo-soboru-foto-50341505.html,46.4881862317,30.7350815808
https://linked4resilience.eu/data/cultural-sites/00104,House with a spire tower in Mariupol (built in 1953),"Arkhip Kuindzhi St, 48, Mariupol', Donets'ka oblast, 87500",2022-04-22,,,"https://ui.org.ua/en/postcard/buildings-with-spires/#:~:text=These%20two%20buildings%20are%20a,in%20the%20Stalinist%20Neoclassicism%20style.",47.1005382464,37.5482178414
https://linked4resilience.eu/data/cultural-sites/00066,Church of the Cross (built in 1809-23),"Vulytsya Soborna, 5, Izyum, Kharkiv Oblast, 64300",2022-03-27,,https://uk.wikipedia.org/wiki/%D0%A5%D1%80%D0%B5%D1%81%D1%82%D0%BE%D0%B2%D0%BE%D0%B7%D0%B4%D0%B2%D0%B8%D0%B6%D0%B5%D0%BD%D1%81%D1%8C%D0%BA%D0%B0_%D1%86%D0%B5%D1%80%D0%BA%D0%B2%D0%B0_(%D0%86%D0%B7%D1%8E%D0%BC),,49.1966049243,37.2767068554
https://linked4resilience.eu/data/cultural-sites/00040,"National Museum ""Kyiv Art Gallery"" – Kyiv","Vulytsya Tereshchenkivsʹka, 9, Kyiv, Ukraine, 01004",2022-10-10,,https://uk.wikipedia.org/wiki/%D0%9D%D0%B0%D1%86%D1%96%D0%BE%D0%BD%D0%B0%D0%BB%D1%8C%D0%BD%D0%B8%D0%B9_%D0%BC%D1%83%D0%B7%D0%B5%D0%B9_%C2%AB%D0%9A%D0%B8%D1%97%D0%B2%D1%81%D1%8C%D0%BA%D0%B0_%D0%BA%D0%B0%D1%80%D1%82%D0%B8%D0%BD%D0%BD%D0%B0_%D0%B3%D0%B0%D0%BB%D0%B5%D1%80%D0%B5%D1%8F%C2%BB,https://tvoemisto.tv/news/remont_poshkodzhenoi_raketamy_kyivskoi_kartynnoi_galerei_otsinyly_v_10_mln_gryven_152461.html,50.4423185933,30.5149216983
https://linked4resilience.eu/data/cultural-sites/00148,Luhansk Regional Academic Ukrainian Music and Drama Theater – Severodonetsk,"Druzhby Narodiv Blvd, 21, Severodonetsk, Luhansk Oblast, Ukraine, 93400",2022,,https://uk.wikipedia.org/wiki/%D0%9B%D1%83%D0%B3%D0%B0%D0%BD%D1%81%D1%8C%D0%BA%D0%B8%D0%B9_%D0%BE%D0%B1%D0%BB%D0%B0%D1%81%D0%BD%D0%B8%D0%B9_%D0%B0%D0%BA%D0%B0%D0%B4%D0%B5%D0%BC%D1%96%D1%87%D0%BD%D0%B8%D0%B9_%D1%83%D0%BA%D1%80%D0%B0%D1%97%D0%BD%D1%81%D1%8C%D0%BA%D0%B8%D0%B9_%D0%BC%D1%83%D0%B7%D0%B8%D1%87%D0%BD%D0%BE-%D0%B4%D1%80%D0%B0%D0%BC%D0%B0%D1%82%D0%B8%D1%87%D0%BD%D0%B8%D0%B9_%D1%82%D0%B5%D0%B0%D1%82%D1%80,https://ui.org.ua/postcard/luganskyj-oblasnyj-akademichnyj-ukrayinskyj-muzychno-dramatychnyj-teatr/,48.9525644351,38.4832912271
https://linked4resilience.eu/data/cultural-sites/00195,"Janusz's apartment building, 1901 (architectural monument of local importance) – Odesa","Katerynyns'ka Square, 5, Odesa, Odes'ka oblast, 65000",2023,,,https://dumskaya.net/news/udar-v-serdtce-pamyatniki-arhitektury-i-istorii-177529/ua/,46.4873544993,30.7398474504
https://linked4resilience.eu/data/cultural-sites/00194,"A residential building as part of the Von-Deschy house complex, which was inhabited by: in 1920-1940, T. Hurtovyi - conductor, People's Artist; V. Pokotylo - surgeon, professor (architectural monument of local importance) – Odesa","Sabaneiv Mist St, 5/7, Odesa, Odes'ka oblast, 65000",2023,,,https://life.liga.net/all/news/minkult-rasshiril-spisok-pamyatnikov-postradavshih-ot-raketnoy-ataki-na-odessu,46.4879761919,30.7358285582
https://linked4resilience.eu/data/cultural-sites/00166,Soldats'ke Village libsrary – Soldats'ke,"Sumi, Vul. Tsentralʹna, 1, Soldats'ke, 42826",2022,,,https://suspilne.media/sumy/232943-skinuli-dvi-bombi-v-centr-sela-so-stalosa-iz-novou-bibliotekou-v-seli-na-sumsini-pisla-rosijskih-bombarduvan/,50.4402830726,35.2065266979
https://linked4resilience.eu/data/cultural-sites/00175,Art School of Children – Snihurivka (Mykolaiv region),"74 Tsentralna street, Snigurivka, Mykolaiv region, Ukraine",2022,,,,47.0696126,32.789912
https://linked4resilience.eu/data/cultural-sites/00097,Monument to Metropolitan Ignatium of Mariupol in Mariupol ,"Voiniv-Vyzvolyteliv St, 3, Mariupol', Donets'ka oblast, 87500",2022-04-23,,https://uk.wikipedia.org/wiki/%D0%A1%D0%BE%D0%B1%D0%BE%D1%80_%D0%90%D1%80%D1%85%D0%B8%D1%81%D1%82%D1%80%D0%B0%D1%82%D0%B8%D0%B3%D0%B0_%D0%9C%D0%B8%D1%85%D0%B0%D0%B9%D0%BB%D0%B0_(%D0%9C%D0%B0%D1%80%D1%96%D1%83%D0%BF%D0%BE%D0%BB%D1%8C),https://www.ukrinform.ua/rubric-regions/3465826-u-mariupoli-rosiani-znisili-pamatnik-zasnovniku-mista-mitropolitu-ignatiu.html,47.1003899989,37.6604149842
https://linked4resilience.eu/data/cultural-sites/00171,Mykolaiv Academic Art Drama Theater – Mykolaiv,"Admiralska St, 25, Mykolaiv, Mykolaiv Oblast, Ukraine, 54000",2022-09-22,,https://uk.wikipedia.org/wiki/%D0%9C%D0%B8%D0%BA%D0%BE%D0%BB%D0%B0%D1%97%D0%B2%D1%81%D1%8C%D0%BA%D0%B8%D0%B9_%D0%B0%D0%BA%D0%B0%D0%B4%D0%B5%D0%BC%D1%96%D1%87%D0%BD%D0%B8%D0%B9_%D1%85%D1%83%D0%B4%D0%BE%D0%B6%D0%BD%D1%96%D0%B9_%D0%B4%D1%80%D0%B0%D0%BC%D0%B0%D1%82%D0%B8%D1%87%D0%BD%D0%B8%D0%B9_%D1%82%D0%B5%D0%B0%D1%82%D1%80,,46.9628951478,31.9902748528
https://linked4resilience.eu/data/cultural-sites/00139,St. Tykhvin Church,"Lysychansk, Luhansk region, 93100",2022,,,https://svatove.city/articles/208369/-do-svyata-pashi-rosiyani-vzhe-zrujnuvali-13-hramiv-na-luganschini,48.8591361193,38.4739567376
https://linked4resilience.eu/data/cultural-sites/00119,Donetsk regional museum of Local Lore – Donetsk,"Chelyuskintsiv St, 189Б, Donetsk, Donetsk Oblast, Ukraine, 83000",2022,,https://uk.wikipedia.org/wiki/%D0%94%D0%BE%D0%BD%D0%B5%D1%86%D1%8C%D0%BA%D0%B8%D0%B9_%D0%BA%D1%80%D0%B0%D1%94%D0%B7%D0%BD%D0%B0%D0%B2%D1%87%D0%B8%D0%B9_%D0%BC%D1%83%D0%B7%D0%B5%D0%B9,,48.0255476933,37.8046622085
https://linked4resilience.eu/data/cultural-sites/00064,V.A. Afanasiev Kharkiv State Academic Puppet Theater (built in 1906-1907),"Konstytutsii Square, 24, Kharkiv, Kharkiv Oblast, Ukraine, 61000",2022-03-02,,https://uk.wikipedia.org/wiki/%D0%A5%D0%B0%D1%80%D0%BA%D1%96%D0%B2%D1%81%D1%8C%D0%BA%D0%B8%D0%B9_%D0%B4%D0%B5%D1%80%D0%B6%D0%B0%D0%B2%D0%BD%D0%B8%D0%B9_%D0%B0%D0%BA%D0%B0%D0%B4%D0%B5%D0%BC%D1%96%D1%87%D0%BD%D0%B8%D0%B9_%D1%82%D0%B5%D0%B0%D1%82%D1%80_%D0%BB%D1%8F%D0%BB%D1%8C%D0%BE%D0%BA_%D1%96%D0%BC%D0%B5%D0%BD%D1%96_%D0%92._%D0%90._%D0%90%D1%84%D0%B0%D0%BD%D0%B0%D1%81%D1%8C%D1%94%D0%B2%D0%B0,,49.9922483137,36.2325151682
https://linked4resilience.eu/data/cultural-sites/00146,"Palace of Culture ""Diamond"" – Lysychansk","Pershotravneva 30, Lysychansk, Luhansk Oblast, 93100",2022-06-16,,,https://sed-rada.gov.ua/novini-mista/nishchat-kulturnu-spadshchinu-vidomi-budivli-sievierodonecka-ta-lisichanska-yaki-zruynuvala-rosiyska-armiya_30-03-2023,48.9388884935,38.3941205294
https://linked4resilience.eu/data/cultural-sites/00146,"Palace of Culture ""Diamond"" – Lysychansk","Pershotravneva 30, Lysychansk, Luhansk Oblast, 93100",2022-06-16,,,https://sviydim.media/object/budynok-kultury-diamant-u-lysychansku/,48.9388884935,38.3941205294
https://linked4resilience.eu/data/cultural-sites/00046,Mykhailo Boychuk Kyiv State Academy of Decorative and Applied Arts and Design – Kyiv,"Mykhaila Boichuka St, 32, Kyiv, 01014",2022-03-25,"As a result of a missile strike on Kyiv in the morning of March 25, 2024, part of the building of the Academy was destroyed",https://uk.wikipedia.org/wiki/%D0%9A%D0%B8%D1%97%D0%B2%D1%81%D1%8C%D0%BA%D0%B0_%D0%B4%D0%B5%D1%80%D0%B6%D0%B0%D0%B2%D0%BD%D0%B0_%D0%B0%D0%BA%D0%B0%D0%B4%D0%B5%D0%BC%D1%96%D1%8F_%D0%B4%D0%B5%D0%BA%D0%BE%D1%80%D0%B0%D1%82%D0%B8%D0%B2%D0%BD%D0%BE-%D0%BF%D1%80%D0%B8%D0%BA%D0%BB%D0%B0%D0%B4%D0%BD%D0%BE%D0%B3%D0%BE_%D0%BC%D0%B8%D1%81%D1%82%D0%B5%D1%86%D1%82%D0%B2%D0%B0_%D1%96_%D0%B4%D0%B8%D0%B7%D0%B0%D0%B9%D0%BD%D1%83_%D1%96%D0%BC%D0%B5%D0%BD%D1%96_%D0%9C%D0%B8%D1%85%D0%B0%D0%B9%D0%BB%D0%B0_%D0%91%D0%BE%D0%B9%D1%87%D1%83%D0%BA%D0%B0,"https://en.m.wikipedia.org/wiki/File:Kyiv_State_Academy_of_Decorative-Applied_Arts_and_Design_after_Russian_attack,_2024-03-25_(01).webp",50.4091333172,30.5513573402
https://linked4resilience.eu/data/cultural-sites/00046,Mykhailo Boychuk Kyiv State Academy of Decorative and Applied Arts and Design – Kyiv,"Mykhaila Boichuka St, 32, Kyiv, 01014",2022-03-25,"As a result of a missile strike on Kyiv in the morning of March 25, 2024, part of the building of the Academy was destroyed",https://uk.wikipedia.org/wiki/%D0%9A%D0%B8%D1%97%D0%B2%D1%81%D1%8C%D0%BA%D0%B0_%D0%B4%D0%B5%D1%80%D0%B6%D0%B0%D0%B2%D0%BD%D0%B0_%D0%B0%D0%BA%D0%B0%D0%B4%D0%B5%D0%BC%D1%96%D1%8F_%D0%B4%D0%B5%D0%BA%D0%BE%D1%80%D0%B0%D1%82%D0%B8%D0%B2%D0%BD%D0%BE-%D0%BF%D1%80%D0%B8%D0%BA%D0%BB%D0%B0%D0%B4%D0%BD%D0%BE%D0%B3%D0%BE_%D0%BC%D0%B8%D1%81%D1%82%D0%B5%D1%86%D1%82%D0%B2%D0%B0_%D1%96_%D0%B4%D0%B8%D0%B7%D0%B0%D0%B9%D0%BD%D1%83_%D1%96%D0%BC%D0%B5%D0%BD%D1%96_%D0%9C%D0%B8%D1%85%D0%B0%D0%B9%D0%BB%D0%B0_%D0%91%D0%BE%D0%B9%D1%87%D1%83%D0%BA%D0%B0,https://en.socportal.info/en/news/in-kiev-a-missile-destroyed-part-of-the-building-of-the-academy-of-decorative-and-applied-arts-and-design/,50.4091333172,30.5513573402
https://linked4resilience.eu/data/cultural-sites/00050,Kharkiv Art Museum,"Zhon Myronosyts St, 11, Kharkiv, Kharkiv Oblast, Ukraine, 61000",2022-03-07,,https://uk.wikipedia.org/wiki/%D0%A5%D0%B0%D1%80%D0%BA%D1%96%D0%B2%D1%81%D1%8C%D0%BA%D0%B8%D0%B9_%D1%85%D1%83%D0%B4%D0%BE%D0%B6%D0%BD%D1%96%D0%B9_%D0%BC%D1%83%D0%B7%D0%B5%D0%B9,,49.9998013416,36.2388892137
https://linked4resilience.eu/data/cultural-sites/00036,Church of the Intercession of the Blessed Virgin Mary – Lypivka,"Lypivka, Kyiv Oblast, Украина, 08014",,,https://uk.wikipedia.org/wiki/%D0%A6%D0%B5%D1%80%D0%BA%D0%B2%D0%B0_%D0%9F%D0%BE%D0%BA%D1%80%D0%BE%D0%B2%D0%B8_%D0%9F%D1%80%D0%B5%D1%81%D0%B2%D1%8F%D1%82%D0%BE%D1%97_%D0%91%D0%BE%D0%B3%D0%BE%D1%80%D0%BE%D0%B4%D0%B8%D1%86%D1%96_(%D0%9B%D0%B8%D0%BF%D1%96%D0%B2%D0%BA%D0%B0),https://billingsgazette.com/damaged-in-war-a-vibrant-church-in-ukraine-rises-as-a-symbol-of-the-country/article_4eb80a2c-b48a-5424-a6b4-adbef7f52966.html,50.5198697505,29.8015555704
https://linked4resilience.eu/data/cultural-sites/00036,Church of the Intercession of the Blessed Virgin Mary – Lypivka,"Lypivka, Kyiv Oblast, Украина, 08014",,,https://uk.wikipedia.org/wiki/%D0%A6%D0%B5%D1%80%D0%BA%D0%B2%D0%B0_%D0%9F%D0%BE%D0%BA%D1%80%D0%BE%D0%B2%D0%B8_%D0%9F%D1%80%D0%B5%D1%81%D0%B2%D1%8F%D1%82%D0%BE%D1%97_%D0%91%D0%BE%D0%B3%D0%BE%D1%80%D0%BE%D0%B4%D0%B8%D1%86%D1%96_(%D0%9B%D0%B8%D0%BF%D1%96%D0%B2%D0%BA%D0%B0),https://www.rfi.fr/uk/україна/20240503-відео-розстріляна-росіянами-на-київщині-відновлюють-унікальну-церкву,50.5198697505,29.8015555704
https://linked4resilience.eu/data/cultural-sites/00078,"Mosque ""Sunnah"" – Kharkiv","Barabashova St, 36б, Kharkiv, Kharkiv Oblast, 61000",2022-07-20,,https://uk.wikipedia.org/wiki/%D0%9C%D0%B5%D1%87%D0%B5%D1%82%D1%8C_%C2%AB%D0%A1%D1%83%D0%BD%D0%BD%D0%B0%C2%BB,,50.0232993483,36.3191049963
https://linked4resilience.eu/data/cultural-sites/00151,Church of St. Feodosiy of Chernihiv (built in 1896-1902) – Mykhailvka,"Mykhailivka, Luhansk region, 92941",2022,no photo confirmed about the destruction,https://uk.wikipedia.org/wiki/%D0%A6%D0%B5%D1%80%D0%BA%D0%B2%D0%B0_%D0%A1%D0%B2%D1%8F%D1%82%D0%BE%D0%B3%D0%BE_%D0%A4%D0%B5%D0%BE%D0%B4%D0%BE%D1%81%D1%96%D1%8F_%D0%A7%D0%B5%D1%80%D0%BD%D1%96%D0%B3%D1%96%D0%B2%D1%81%D1%8C%D0%BA%D0%BE%D0%B3%D0%BE_(%D0%9C%D0%B8%D1%85%D0%B0%D0%B9%D0%BB%D1%96%D0%B2%D0%BA%D0%B0),,49.1070733119,38.5663920939
https://linked4resilience.eu/data/cultural-sites/00059,Historical complex of building of fire department buit in 1886,"Kvitkynska St, 27, Kharkiv, Kharkiv Oblast, 61000",2022-03-28,,https://uk.wikipedia.org/wiki/%D0%9F%D0%BE%D0%B6%D0%B5%D0%B6%D0%BD%D0%B0_%D1%87%D0%B0%D1%81%D1%82%D0%B8%D0%BD%D0%B0_%D0%BD%D0%B0_%D0%97%D0%B0%D1%97%D0%BA%D1%96%D0%B2%D1%86%D1%96_(%D0%A5%D0%B0%D1%80%D0%BA%D1%96%D0%B2),,49.9726796888,36.2299367416
https://linked4resilience.eu/data/cultural-sites/00063,Church of the 2000th anniversary of the Nativity of Christ in Kharkiv (built in 1999-2001),"Церковь, Nauky Ave, 65, Kharkiv, Kharkiv Oblast, Ukraine, 61000",2022-03-25,,,,50.045349912,36.2230208955
https://linked4resilience.eu/data/cultural-sites/00160,Architectural monument of the former People's House (1911-1914),"Н12, 10, Okhtyrka, Sumy Oblast, 42700",2022-03-08,,"https://uk.wikipedia.org/wiki/%D0%9D%D0%B0%D1%80%D0%BE%D0%B4%D0%BD%D0%B8%D0%B9_%D0%B4%D1%96%D0%BC_(%D0%9E%D1%85%D1%82%D0%B8%D1%80%D0%BA%D0%B0)#:~:text=%D0%9D%D0%B0%D1%80%D0%BE%D0%B4%D0%BD%D0%B8%D0%B9%20%D0%B4%D1%96%D0%BC%20(%D0%BC.,%D0%9B%D1%96%D0%B2%D0%BE%D0%B1%D0%B5%D1%80%D0%B5%D0%B6%D0%BD%D0%BE%D1%97%20%D0%A3%D0%BA%D1%80%D0%B0%D1%97%D0%BD%D0%B8%20%D0%BF%D0%BE%D1%87%D0%B0%D1%82%D0%BA%D1%83%20%D0%A5%D0%A5%20%D1%81%D1%82%D0%BE%D0%BB%D1%96%D1%82%D1%82%D1%8F.&text=%D0%9F%D0%B5%D1%80%D1%88%D0%B8%D0%B9%20%D0%BA%D1%83%D0%BB%D1%8C%D1%82%D1%83%D1%80%D0%BD%D0%BE%2D%D0%BE%D1%81%D0%B2%D1%96%D1%82%D0%BD%D1%96%D0%B9%20%D0%B7%D0%B0%D0%BA%D0%BB%D0%B0%D0%B4%20%D0%BC%D1%96%D1%81%D1%82%D0%B0,%D0%BA%D1%80%D1%96%D0%BF%D0%BE%D1%81%D0%BD%D0%BE%D0%B3%D0%BE%20%D0%BF%D1%80%D0%B0%D0%B2%D0%B0%20%D1%83%201914%20%D1%80%D0%BE%D1%86%D1%96.",https://ui.org.ua/postcard/narodnyj-dim/,50.3051128602,34.8941341548
https://linked4resilience.eu/data/cultural-sites/00079,Chuhuiv House of Culture – Chuhuiv,"63503, Харківська область, м, Vulytsya Hvardiysʹka, 13, Chuhuiv, Kharkiv Oblast, 63500",2022-07-25,,,,49.8373302168,36.6982727486
https://linked4resilience.eu/data/cultural-sites/00092,Church of St. Nicholas of Myrlikiysky Wonderworker,"Vulytsya Mendeleyeva, Volnovakha, Donetsk Oblast, 85701",,,,,47.6562353184,37.4962908622
https://linked4resilience.eu/data/cultural-sites/00037,Makariv Public Library – Makariv,"вулиця Димитрія Ростовського, 36, Makariv, Kyiv Oblast, Ukraine, 08001",2022-03-22,,,,50.4612599298,29.8119293386
https://linked4resilience.eu/data/cultural-sites/00058,Drobytskyi Yar Holocaust Memorial,"Kharkiv, Kharkiv Oblast, Ukraine",2022-03-26,,https://uk.wikipedia.org/wiki/%D0%94%D1%80%D0%BE%D0%B1%D0%B8%D1%86%D1%8C%D0%BA%D0%B8%D0%B9_%D0%AF%D1%80,,49.9357234687,36.4490430908
https://linked4resilience.eu/data/cultural-sites/00034,"Makarivska Public Library (building of the early twentieth century) 
","вулиця Димитрія Ростовського, 36, Makariv, Kyiv Oblast, Ukraine, 08001",2022-03-22,,,https://chytomo.com/zrujnovani-ale-nezlamni-biblioteky-pid-rosijskoiu-okupatsiieiu-ta-ikhnij-shliakh-do-vidnovlennia/,50.4843464375,29.8011146728
https://linked4resilience.eu/data/cultural-sites/00048,Kharkiv Court of Appeal building,"Geroev Nebesnoj Sotni Square, 36, Kharkiv, Kharkiv Oblast, 61001",2022-03-06,,https://uk.wikipedia.org/wiki/%D0%A5%D0%B0%D1%80%D0%BA%D1%96%D0%B2%D1%81%D1%8C%D0%BA%D0%B8%D0%B9_%D0%B0%D0%BF%D0%B5%D0%BB%D1%8F%D1%86%D1%96%D0%B9%D0%BD%D0%B8%D0%B9_%D1%81%D1%83%D0%B4,,49.9885771272,36.2517001649
https://linked4resilience.eu/data/cultural-sites/00207,House of Culture – Novopetrivka,"вулиця Української Звитяги, 46А, Novopetrivka, Kherson Oblast, 74040",2022,,,https://www.ukrinform.ua/rubric-regions/3606091-u-hersonskij-ova-pokazali-rujnuvanna-u-deokupovanomu-seli-novopetrivka-na-hersonsini.html,47.4298397704,33.4676672138
https://linked4resilience.eu/data/cultural-sites/00202,Kherson Regional Universal Scientific Library,"Heroiv Krut St, 2, Kherson, Kherson Oblast, Ukraine, 73002",2023,,,https://ua.korrespondent.net/ukraine/4639474-okupanty-atakuvaly-v-khersoni-naibilshu-biblioteku-pivdnia-ukrainy,46.6376356368,32.6340715154
https://linked4resilience.eu/data/cultural-sites/00140,St. Nicholas Church,"Popasna, Luhansk region",2022,not found exect location,,https://ui.org.ua/en/postcard/st-nicholas-church/,48.648376123,38.3996006079
